Iso3,indicator_code,year,value
BRA,AG.LND.FRST.ZS,1990,70.4580205643839
BRA,AG.LND.FRST.ZS,1991,70.0056543680771
BRA,AG.LND.FRST.ZS,1992,69.5532881717703
BRA,AG.LND.FRST.ZS,1993,69.1009219754634
BRA,AG.LND.FRST.ZS,1994,68.6485557791566
BRA,AG.LND.FRST.ZS,1995,68.1961895828498
BRA,AG.LND.FRST.ZS,1996,67.7438233865429
BRA,AG.LND.FRST.ZS,1997,67.2914571902361
BRA,AG.LND.FRST.ZS,1998,66.8390909939293
BRA,AG.LND.FRST.ZS,1999,66.3867247976224
BRA,AG.LND.FRST.ZS,2000,65.9343586013156
BRA,AG.LND.FRST.ZS,2001,65.4616708980706
BRA,AG.LND.FRST.ZS,2002,64.9889831948257
BRA,AG.LND.FRST.ZS,2003,64.5162954915806
BRA,AG.LND.FRST.ZS,2004,64.0436077883357
BRA,AG.LND.FRST.ZS,2005,63.5709200850907
BRA,AG.LND.FRST.ZS,2006,63.0982323818457
BRA,AG.LND.FRST.ZS,2007,62.6255446786007
BRA,AG.LND.FRST.ZS,2008,62.1528569753558
BRA,AG.LND.FRST.ZS,2009,61.6801692721108
BRA,AG.LND.FRST.ZS,2010,61.2074815688658
BRA,AG.LND.FRST.ZS,2011,61.023328156743
BRA,AG.LND.FRST.ZS,2012,60.8391747446202
BRA,AG.LND.FRST.ZS,2013,60.6550213324974
BRA,AG.LND.FRST.ZS,2014,60.4708679203746
BRA,AG.LND.FRST.ZS,2015,60.2867384370207
BRA,AG.LND.FRST.ZS,2016,60.0710205859198
BRA,AG.LND.FRST.ZS,2017,59.8329293359527
BRA,AG.LND.FRST.ZS,2018,59.7083800941358
BRA,AG.LND.FRST.ZS,2019,59.5585860011916
BRA,AG.LND.FRST.ZS,2020,59.4174780513368
BRA,AG.LND.FRST.ZS,2021,59.2704836243471
BRA,AG.LND.FRST.ZS,2022,59.1275092305226
BRA,AG.LND.FRST.ZS,2023,58.9818729765235
KOR,AG.LND.FRST.ZS,1990,67.9141613103877
KOR,AG.LND.FRST.ZS,1991,67.8364088741447
KOR,AG.LND.FRST.ZS,1992,67.7586564379017
KOR,AG.LND.FRST.ZS,1993,67.6809040016587
KOR,AG.LND.FRST.ZS,1994,67.6031515654157
KOR,AG.LND.FRST.ZS,1995,67.5253991291727
KOR,AG.LND.FRST.ZS,1996,67.4476466929297
KOR,AG.LND.FRST.ZS,1997,67.3698942566867
KOR,AG.LND.FRST.ZS,1998,67.2921418204437
KOR,AG.LND.FRST.ZS,1999,67.2143893842007
KOR,AG.LND.FRST.ZS,2000,67.1366369479577
KOR,AG.LND.FRST.ZS,2001,66.8503204465578
KOR,AG.LND.FRST.ZS,2002,66.7238351069325
KOR,AG.LND.FRST.ZS,2003,66.625
KOR,AG.LND.FRST.ZS,2004,66.5193141912828
KOR,AG.LND.FRST.ZS,2005,66.4068146618482
KOR,AG.LND.FRST.ZS,2006,66.2943848059455
KOR,AG.LND.FRST.ZS,2007,66.1751960379695
KOR,AG.LND.FRST.ZS,2008,66.0356737808021
KOR,AG.LND.FRST.ZS,2009,65.8963527714816
KOR,AG.LND.FRST.ZS,2010,65.7098765432099
KOR,AG.LND.FRST.ZS,2011,65.6137462701924
KOR,AG.LND.FRST.ZS,2012,65.4300688521221
KOR,AG.LND.FRST.ZS,2013,65.2495227146758
KOR,AG.LND.FRST.ZS,2014,65.1442060966848
KOR,AG.LND.FRST.ZS,2015,65.0315562625071
KOR,AG.LND.FRST.ZS,2016,64.8791145667716
KOR,AG.LND.FRST.ZS,2017,64.783099169316
KOR,AG.LND.FRST.ZS,2018,64.6739130434783
KOR,AG.LND.FRST.ZS,2019,64.5184426229508
KOR,AG.LND.FRST.ZS,2020,64.4159836065574
KOR,AG.LND.FRST.ZS,2021,64.3135245901639
KOR,AG.LND.FRST.ZS,2022,64.2110655737705
KOR,AG.LND.FRST.ZS,2023,64.108606557377
POL,AG.LND.FRST.ZS,1990,28.9986613993274
POL,AG.LND.FRST.ZS,1991,29.056449769826
POL,AG.LND.FRST.ZS,1992,29.1142381403245
POL,AG.LND.FRST.ZS,1993,29.1720265108231
POL,AG.LND.FRST.ZS,1994,29.2298148813216
POL,AG.LND.FRST.ZS,1995,29.2876032518202
POL,AG.LND.FRST.ZS,1996,29.3453916223187
POL,AG.LND.FRST.ZS,1997,29.4031799928173
POL,AG.LND.FRST.ZS,1998,29.4609683633158
POL,AG.LND.FRST.ZS,1999,29.5187567338144
POL,AG.LND.FRST.ZS,2000,29.5765451043129
POL,AG.LND.FRST.ZS,2001,29.6646968559209
POL,AG.LND.FRST.ZS,2002,29.7528486075288
POL,AG.LND.FRST.ZS,2003,29.8458725182863
POL,AG.LND.FRST.ZS,2004,29.9252440178892
POL,AG.LND.FRST.ZS,2005,30.0133842588059
POL,AG.LND.FRST.ZS,2006,30.1025071820319
POL,AG.LND.FRST.ZS,2007,30.1906503003395
POL,AG.LND.FRST.ZS,2008,30.2807704864512
POL,AG.LND.FRST.ZS,2009,30.3709024422097
POL,AG.LND.FRST.ZS,2010,30.4590570719603
POL,AG.LND.FRST.ZS,2011,30.5234627567515
POL,AG.LND.FRST.ZS,2012,30.5838939324669
POL,AG.LND.FRST.ZS,2013,30.6443290552235
POL,AG.LND.FRST.ZS,2014,30.7057709265489
POL,AG.LND.FRST.ZS,2015,30.7652111434077
POL,AG.LND.FRST.ZS,2016,30.8142003331265
POL,AG.LND.FRST.ZS,2017,30.8533916849015
POL,AG.LND.FRST.ZS,2018,30.8946010386387
POL,AG.LND.FRST.ZS,2019,30.939858220901
POL,AG.LND.FRST.ZS,2020,30.9770358997811
POL,AG.LND.FRST.ZS,2021,31.0192747468148
POL,AG.LND.FRST.ZS,2022,31.0594923061845
POL,AG.LND.FRST.ZS,2023,31.0804192379273
KOR,POL.EPS,2012,3
KOR,POL.EPS,2013,3
KOR,POL.EPS,2016,3
KOR,POL.EPS,2017,3
POL,POL.EPS,2011,3
KOR,POL.EPS,1990,0.083333336
KOR,POL.EPS,1991,0.33333334
KOR,POL.EPS,1992,0.33333334
KOR,POL.EPS,1993,0.33333334
KOR,POL.EPS,1994,0.33333334
KOR,POL.EPS,1995,0.33333334
KOR,POL.EPS,1996,0.75
KOR,POL.EPS,1997,0.75
KOR,POL.EPS,1998,0.75
KOR,POL.EPS,1999,0.83333331
KOR,POL.EPS,2000,0.8888889
KOR,POL.EPS,2001,0.8888889
KOR,POL.EPS,2002,1.3888888
KOR,POL.EPS,2003,1.8055556
KOR,POL.EPS,2004,2.2222223
KOR,POL.EPS,2005,3.1388888
KOR,POL.EPS,2006,3.3055556
KOR,POL.EPS,2007,3.3055556
KOR,POL.EPS,2008,3.1388888
KOR,POL.EPS,2009,3.3055556
KOR,POL.EPS,2010,3.3888888
KOR,POL.EPS,2011,3.6111112
KOR,POL.EPS,2014,2.8333333
KOR,POL.EPS,2015,2.9444444
KOR,POL.EPS,2018,3.1111112
KOR,POL.EPS,2019,3.1666667
KOR,POL.EPS,2020,3.1666667
POL,POL.EPS,1990,0.58333331
POL,POL.EPS,1991,0.52777779
POL,POL.EPS,1992,0.58333331
POL,POL.EPS,1993,0.6388889
POL,POL.EPS,1994,0.6388889
POL,POL.EPS,1995,0.75
POL,POL.EPS,1996,0.75
POL,POL.EPS,1997,0.75
POL,POL.EPS,1998,0.80555552
POL,POL.EPS,1999,0.80555552
POL,POL.EPS,2000,1.1388888
POL,POL.EPS,2001,1.2777778
POL,POL.EPS,2002,1.2777778
POL,POL.EPS,2003,1.2777778
POL,POL.EPS,2004,1.3333334
POL,POL.EPS,2005,2.0833333
POL,POL.EPS,2006,2.3611112
POL,POL.EPS,2007,2.25
POL,POL.EPS,2008,2.5833333
POL,POL.EPS,2009,2.7777777
POL,POL.EPS,2010,2.9444444
POL,POL.EPS,2012,2.7222223
POL,POL.EPS,2013,2.8888888
POL,POL.EPS,2014,2.9444444
POL,POL.EPS,2015,2.9444444
POL,POL.EPS,2016,2.8333333
POL,POL.EPS,2017,2.8888888
POL,POL.EPS,2018,3.0555556
POL,POL.EPS,2019,3.4166667
POL,POL.EPS,2020,3.4722223
BRA,POL.EPS,1990,0.16666667
BRA,POL.EPS,1991,0.16666667
BRA,POL.EPS,1992,0.16666667
BRA,POL.EPS,1993,0.16666667
BRA,POL.EPS,1994,0.16666667
BRA,POL.EPS,1995,0.22222222
BRA,POL.EPS,1996,0.22222222
BRA,POL.EPS,1997,0.22222222
BRA,POL.EPS,1998,0.22222222
BRA,POL.EPS,1999,0.22222222
BRA,POL.EPS,2000,0.22222222
BRA,POL.EPS,2001,0.27777779
BRA,POL.EPS,2002,0.83333331
BRA,POL.EPS,2003,0.75
BRA,POL.EPS,2004,0.55555558
BRA,POL.EPS,2005,0.55555558
BRA,POL.EPS,2006,0.55555558
BRA,POL.EPS,2007,0.22222222
BRA,POL.EPS,2008,0.22222222
BRA,POL.EPS,2009,0.22222222
BRA,POL.EPS,2010,0.22222222
BRA,POL.EPS,2011,0.16666667
BRA,POL.EPS,2012,0.25
BRA,POL.EPS,2013,0.58333331
BRA,POL.EPS,2014,0.58333331
BRA,POL.EPS,2015,0.6388889
BRA,POL.EPS,2016,0.8888889
BRA,POL.EPS,2017,0.8888889
BRA,POL.EPS,2018,0.8888889
BRA,POL.EPS,2019,0.8888889
BRA,POL.EPS,2020,0.8888889
KOR,POL.CO2TAX,1990,0
KOR,POL.CO2TAX,1991,0
KOR,POL.CO2TAX,1992,0
KOR,POL.CO2TAX,1993,0
KOR,POL.CO2TAX,1994,0
KOR,POL.CO2TAX,1995,0
KOR,POL.CO2TAX,1996,0
KOR,POL.CO2TAX,1997,0
KOR,POL.CO2TAX,1998,0
KOR,POL.CO2TAX,1999,0
KOR,POL.CO2TAX,2000,0
KOR,POL.CO2TAX,2001,0
KOR,POL.CO2TAX,2002,0
KOR,POL.CO2TAX,2003,0
KOR,POL.CO2TAX,2004,0
KOR,POL.CO2TAX,2005,0
KOR,POL.CO2TAX,2006,0
KOR,POL.CO2TAX,2007,0
KOR,POL.CO2TAX,2008,0
KOR,POL.CO2TAX,2009,0
KOR,POL.CO2TAX,2010,0
KOR,POL.CO2TAX,2011,0
KOR,POL.CO2TAX,2012,0
KOR,POL.CO2TAX,2013,0
KOR,POL.CO2TAX,2014,0
KOR,POL.CO2TAX,2015,0
KOR,POL.CO2TAX,2016,0
KOR,POL.CO2TAX,2017,0
KOR,POL.CO2TAX,2018,0
KOR,POL.CO2TAX,2019,0
KOR,POL.CO2TAX,2020,0
BRA,POL.CO2TAX,1990,0
BRA,POL.CO2TAX,1991,0
BRA,POL.CO2TAX,1992,0
BRA,POL.CO2TAX,1993,0
BRA,POL.CO2TAX,1994,0
BRA,POL.CO2TAX,1995,0
BRA,POL.CO2TAX,1996,0
BRA,POL.CO2TAX,1997,0
BRA,POL.CO2TAX,1998,0
BRA,POL.CO2TAX,1999,0
BRA,POL.CO2TAX,2000,0
BRA,POL.CO2TAX,2001,0
BRA,POL.CO2TAX,2002,0
BRA,POL.CO2TAX,2003,0
BRA,POL.CO2TAX,2004,0
BRA,POL.CO2TAX,2005,0
BRA,POL.CO2TAX,2006,0
BRA,POL.CO2TAX,2007,0
BRA,POL.CO2TAX,2008,0
BRA,POL.CO2TAX,2009,0
BRA,POL.CO2TAX,2010,0
BRA,POL.CO2TAX,2011,0
BRA,POL.CO2TAX,2012,0
BRA,POL.CO2TAX,2013,0
BRA,POL.CO2TAX,2014,0
BRA,POL.CO2TAX,2015,0
BRA,POL.CO2TAX,2016,0
BRA,POL.CO2TAX,2017,0
BRA,POL.CO2TAX,2018,0
BRA,POL.CO2TAX,2019,0
BRA,POL.CO2TAX,2020,0
POL,POL.CO2TAX,1990,1
POL,POL.CO2TAX,1991,1
POL,POL.CO2TAX,1992,1
POL,POL.CO2TAX,1993,1
POL,POL.CO2TAX,1994,1
POL,POL.CO2TAX,1995,1
POL,POL.CO2TAX,1996,1
POL,POL.CO2TAX,1997,1
POL,POL.CO2TAX,1998,1
POL,POL.CO2TAX,1999,1
POL,POL.CO2TAX,2000,1
POL,POL.CO2TAX,2001,1
POL,POL.CO2TAX,2002,1
POL,POL.CO2TAX,2003,1
POL,POL.CO2TAX,2004,1
POL,POL.CO2TAX,2005,1
POL,POL.CO2TAX,2006,1
POL,POL.CO2TAX,2007,1
POL,POL.CO2TAX,2008,1
POL,POL.CO2TAX,2009,1
POL,POL.CO2TAX,2010,1
POL,POL.CO2TAX,2011,1
POL,POL.CO2TAX,2012,1
POL,POL.CO2TAX,2013,1
POL,POL.CO2TAX,2014,1
POL,POL.CO2TAX,2015,1
POL,POL.CO2TAX,2016,1
POL,POL.CO2TAX,2017,1
POL,POL.CO2TAX,2018,1
POL,POL.CO2TAX,2019,1
POL,POL.CO2TAX,2020,1
KOR,POL.CO2ETS,1990,0
KOR,POL.CO2ETS,1991,0
KOR,POL.CO2ETS,1992,0
KOR,POL.CO2ETS,1993,0
KOR,POL.CO2ETS,1994,0
KOR,POL.CO2ETS,1995,0
KOR,POL.CO2ETS,1996,0
KOR,POL.CO2ETS,1997,0
KOR,POL.CO2ETS,1998,0
KOR,POL.CO2ETS,1999,0
KOR,POL.CO2ETS,2000,0
KOR,POL.CO2ETS,2001,0
KOR,POL.CO2ETS,2002,0
KOR,POL.CO2ETS,2003,0
KOR,POL.CO2ETS,2004,0
KOR,POL.CO2ETS,2005,0
KOR,POL.CO2ETS,2006,0
KOR,POL.CO2ETS,2007,0
KOR,POL.CO2ETS,2008,0
KOR,POL.CO2ETS,2009,0
KOR,POL.CO2ETS,2010,0
KOR,POL.CO2ETS,2011,0
KOR,POL.CO2ETS,2012,0
KOR,POL.CO2ETS,2013,0
KOR,POL.CO2ETS,2014,0
POL,POL.CO2ETS,1990,0
POL,POL.CO2ETS,1991,0
POL,POL.CO2ETS,1992,0
POL,POL.CO2ETS,1993,0
POL,POL.CO2ETS,1994,0
POL,POL.CO2ETS,1995,0
POL,POL.CO2ETS,1996,0
POL,POL.CO2ETS,1997,0
POL,POL.CO2ETS,1998,0
POL,POL.CO2ETS,1999,0
POL,POL.CO2ETS,2000,0
POL,POL.CO2ETS,2001,0
POL,POL.CO2ETS,2002,0
POL,POL.CO2ETS,2003,0
POL,POL.CO2ETS,2004,0
POL,POL.CO2ETS,2005,0
BRA,POL.CO2ETS,1990,0
BRA,POL.CO2ETS,1991,0
BRA,POL.CO2ETS,1992,0
BRA,POL.CO2ETS,1993,0
BRA,POL.CO2ETS,1994,0
BRA,POL.CO2ETS,1995,0
BRA,POL.CO2ETS,1996,0
BRA,POL.CO2ETS,1997,0
BRA,POL.CO2ETS,1998,0
BRA,POL.CO2ETS,1999,0
BRA,POL.CO2ETS,2000,0
BRA,POL.CO2ETS,2001,0
BRA,POL.CO2ETS,2002,0
BRA,POL.CO2ETS,2003,0
BRA,POL.CO2ETS,2004,0
BRA,POL.CO2ETS,2005,0
BRA,POL.CO2ETS,2006,0
BRA,POL.CO2ETS,2007,0
BRA,POL.CO2ETS,2008,0
BRA,POL.CO2ETS,2009,0
BRA,POL.CO2ETS,2010,0
BRA,POL.CO2ETS,2011,0
BRA,POL.CO2ETS,2012,0
BRA,POL.CO2ETS,2013,0
BRA,POL.CO2ETS,2014,0
BRA,POL.CO2ETS,2015,0
BRA,POL.CO2ETS,2016,0
BRA,POL.CO2ETS,2017,0
BRA,POL.CO2ETS,2018,0
BRA,POL.CO2ETS,2019,0
BRA,POL.CO2ETS,2020,0
KOR,POL.CO2ETS,2015,1
POL,POL.CO2ETS,2007,1
POL,POL.CO2ETS,2012,1
POL,POL.CO2ETS,2013,1
POL,POL.CO2ETS,2014,1
POL,POL.CO2ETS,2015,1
POL,POL.CO2ETS,2016,1
POL,POL.CO2ETS,2017,1
KOR,POL.CO2ETS,2018,3
KOR,POL.CO2ETS,2019,3
KOR,POL.CO2ETS,2020,3
POL,POL.CO2ETS,2011,3
POL,POL.CO2ETS,2019,3
POL,POL.CO2ETS,2020,3
POL,POL.CO2ETS,2006,4
POL,POL.CO2ETS,2008,4
KOR,POL.CO2ETS,2016,2
KOR,POL.CO2ETS,2017,2
POL,POL.CO2ETS,2009,2
POL,POL.CO2ETS,2010,2
POL,POL.CO2ETS,2018,2
KOR,POL.DIESEL,1990,0
KOR,POL.DIESEL,1991,0
KOR,POL.DIESEL,1992,0
KOR,POL.DIESEL,1993,0
KOR,POL.DIESEL,1994,0
KOR,POL.DIESEL,1995,0
KOR,POL.DIESEL,1996,0
KOR,POL.DIESEL,1997,0
KOR,POL.DIESEL,1998,0
KOR,POL.DIESEL,1999,0
BRA,POL.DIESEL,1990,0
BRA,POL.DIESEL,1991,0
BRA,POL.DIESEL,1992,0
BRA,POL.DIESEL,1993,0
BRA,POL.DIESEL,1994,0
BRA,POL.DIESEL,2011,0
BRA,POL.DIESEL,2012,0
BRA,POL.DIESEL,2013,0
BRA,POL.DIESEL,2014,0
KOR,POL.DIESEL,2000,1
KOR,POL.DIESEL,2001,1
KOR,POL.DIESEL,2002,1
KOR,POL.DIESEL,2003,1
KOR,POL.DIESEL,2004,1
KOR,POL.DIESEL,2005,1
KOR,POL.DIESEL,2006,1
KOR,POL.DIESEL,2007,1
KOR,POL.DIESEL,2008,1
KOR,POL.DIESEL,2009,1
KOR,POL.DIESEL,2010,1
POL,POL.DIESEL,1991,1
BRA,POL.DIESEL,1995,1
BRA,POL.DIESEL,1996,1
BRA,POL.DIESEL,1997,1
BRA,POL.DIESEL,1998,1
BRA,POL.DIESEL,1999,1
BRA,POL.DIESEL,2000,1
BRA,POL.DIESEL,2004,1
BRA,POL.DIESEL,2005,1
BRA,POL.DIESEL,2006,1
BRA,POL.DIESEL,2007,1
BRA,POL.DIESEL,2008,1
BRA,POL.DIESEL,2009,1
BRA,POL.DIESEL,2010,1
BRA,POL.DIESEL,2015,1
BRA,POL.DIESEL,2016,1
BRA,POL.DIESEL,2017,1
BRA,POL.DIESEL,2018,1
BRA,POL.DIESEL,2019,1
BRA,POL.DIESEL,2020,1
BRA,POL.DIESEL,2002,6
KOR,POL.DIESEL,2015,3
KOR,POL.DIESEL,2016,3
KOR,POL.DIESEL,2017,3
KOR,POL.DIESEL,2018,3
POL,POL.DIESEL,1993,3
POL,POL.DIESEL,1994,3
POL,POL.DIESEL,1995,3
POL,POL.DIESEL,1996,3
POL,POL.DIESEL,1997,3
POL,POL.DIESEL,2005,3
POL,POL.DIESEL,2006,3
POL,POL.DIESEL,2007,3
POL,POL.DIESEL,2008,3
POL,POL.DIESEL,2009,3
POL,POL.DIESEL,2010,3
POL,POL.DIESEL,2011,3
POL,POL.DIESEL,2012,3
POL,POL.DIESEL,2013,3
POL,POL.DIESEL,2014,3
POL,POL.DIESEL,2018,3
POL,POL.DIESEL,2019,3
BRA,POL.DIESEL,2003,3
KOR,POL.DIESEL,2019,4
KOR,POL.DIESEL,2020,4
POL,POL.DIESEL,1998,4
POL,POL.DIESEL,1999,4
POL,POL.DIESEL,2000,4
POL,POL.DIESEL,2001,4
POL,POL.DIESEL,2002,4
POL,POL.DIESEL,2003,4
POL,POL.DIESEL,2004,4
POL,POL.DIESEL,2015,4
POL,POL.DIESEL,2016,4
POL,POL.DIESEL,2017,4
POL,POL.DIESEL,2020,4
KOR,POL.DIESEL,2011,2
KOR,POL.DIESEL,2012,2
KOR,POL.DIESEL,2013,2
KOR,POL.DIESEL,2014,2
POL,POL.DIESEL,1990,2
POL,POL.DIESEL,1992,2
BRA,POL.DIESEL,2001,2
KOR,POL.EML_NOX,1990,0
BRA,POL.EML_NOX,1990,0
BRA,POL.EML_NOX,1991,0
BRA,POL.EML_NOX,1992,0
BRA,POL.EML_NOX,1993,0
BRA,POL.EML_NOX,1994,0
BRA,POL.EML_NOX,1995,0
BRA,POL.EML_NOX,1996,0
BRA,POL.EML_NOX,1997,0
BRA,POL.EML_NOX,1998,0
BRA,POL.EML_NOX,1999,0
BRA,POL.EML_NOX,2000,0
BRA,POL.EML_NOX,2001,0
BRA,POL.EML_NOX,2002,0
BRA,POL.EML_NOX,2003,0
BRA,POL.EML_NOX,2004,0
BRA,POL.EML_NOX,2005,0
BRA,POL.EML_NOX,2006,0
BRA,POL.EML_NOX,2007,0
BRA,POL.EML_NOX,2008,0
BRA,POL.EML_NOX,2009,0
BRA,POL.EML_NOX,2010,0
BRA,POL.EML_NOX,2011,0
BRA,POL.EML_NOX,2012,0
BRA,POL.EML_NOX,2013,0
BRA,POL.EML_NOX,2014,0
BRA,POL.EML_NOX,2015,0
BRA,POL.EML_NOX,2016,0
BRA,POL.EML_NOX,2017,0
BRA,POL.EML_NOX,2018,0
BRA,POL.EML_NOX,2019,0
BRA,POL.EML_NOX,2020,0
KOR,POL.EML_NOX,1991,1
KOR,POL.EML_NOX,1992,1
KOR,POL.EML_NOX,1993,1
KOR,POL.EML_NOX,1994,1
KOR,POL.EML_NOX,1995,1
KOR,POL.EML_NOX,1996,1
KOR,POL.EML_NOX,1997,1
KOR,POL.EML_NOX,1998,1
KOR,POL.EML_NOX,1999,1
KOR,POL.EML_NOX,2000,1
KOR,POL.EML_NOX,2001,1
KOR,POL.EML_NOX,2002,1
KOR,POL.EML_NOX,2003,1
KOR,POL.EML_NOX,2004,1
POL,POL.EML_NOX,1990,1
POL,POL.EML_NOX,1991,1
POL,POL.EML_NOX,1992,1
POL,POL.EML_NOX,1993,1
POL,POL.EML_NOX,1994,1
POL,POL.EML_NOX,1995,1
POL,POL.EML_NOX,1996,1
POL,POL.EML_NOX,1997,1
POL,POL.EML_NOX,1998,1
POL,POL.EML_NOX,1999,1
POL,POL.EML_NOX,2000,1
POL,POL.EML_NOX,2001,1
POL,POL.EML_NOX,2002,1
POL,POL.EML_NOX,2003,1
POL,POL.EML_NOX,2004,1
KOR,POL.EML_NOX,2005,5
KOR,POL.EML_NOX,2006,5
KOR,POL.EML_NOX,2007,5
KOR,POL.EML_NOX,2008,5
KOR,POL.EML_NOX,2009,5
KOR,POL.EML_NOX,2010,5
KOR,POL.EML_NOX,2011,5
KOR,POL.EML_NOX,2012,5
KOR,POL.EML_NOX,2013,5
KOR,POL.EML_NOX,2014,5
KOR,POL.EML_NOX,2015,5
KOR,POL.EML_NOX,2016,5
KOR,POL.EML_NOX,2017,5
KOR,POL.EML_NOX,2018,5
KOR,POL.EML_NOX,2019,5
KOR,POL.EML_NOX,2020,5
POL,POL.EML_NOX,2005,5
POL,POL.EML_NOX,2006,5
POL,POL.EML_NOX,2007,5
POL,POL.EML_NOX,2008,5
POL,POL.EML_NOX,2009,5
POL,POL.EML_NOX,2010,5
POL,POL.EML_NOX,2011,5
POL,POL.EML_NOX,2012,5
POL,POL.EML_NOX,2013,5
POL,POL.EML_NOX,2014,5
POL,POL.EML_NOX,2015,5
POL,POL.EML_NOX,2016,5
POL,POL.EML_NOX,2017,5
POL,POL.EML_NOX,2018,5
POL,POL.EML_NOX,2019,5
POL,POL.EML_NOX,2020,5
KOR,POL.EML_PM,1990,0
POL,POL.EML_PM,1990,0
POL,POL.EML_PM,1991,0
POL,POL.EML_PM,1992,0
POL,POL.EML_PM,1993,0
POL,POL.EML_PM,1994,0
POL,POL.EML_PM,1995,0
POL,POL.EML_PM,1996,0
POL,POL.EML_PM,1997,0
POL,POL.EML_PM,1998,0
POL,POL.EML_PM,1999,0
POL,POL.EML_PM,2000,0
KOR,POL.EML_PM,1991,1
KOR,POL.EML_PM,1992,1
KOR,POL.EML_PM,1993,1
KOR,POL.EML_PM,1994,1
KOR,POL.EML_PM,1995,1
KOR,POL.EML_PM,1996,1
KOR,POL.EML_PM,1997,1
KOR,POL.EML_PM,1998,1
KOR,POL.EML_PM,1999,1
KOR,POL.EML_PM,2000,1
KOR,POL.EML_PM,2001,1
KOR,POL.EML_PM,2002,1
KOR,POL.EML_PM,2003,1
KOR,POL.EML_PM,2004,1
POL,POL.EML_PM,2001,1
POL,POL.EML_PM,2002,1
POL,POL.EML_PM,2003,1
POL,POL.EML_PM,2004,1
BRA,POL.EML_PM,1990,1
BRA,POL.EML_PM,1991,1
BRA,POL.EML_PM,1992,1
BRA,POL.EML_PM,1993,1
BRA,POL.EML_PM,1994,1
BRA,POL.EML_PM,1995,1
BRA,POL.EML_PM,1996,1
BRA,POL.EML_PM,1997,1
BRA,POL.EML_PM,1998,1
BRA,POL.EML_PM,1999,1
BRA,POL.EML_PM,2000,1
BRA,POL.EML_PM,2001,1
BRA,POL.EML_PM,2002,1
BRA,POL.EML_PM,2003,1
BRA,POL.EML_PM,2004,1
BRA,POL.EML_PM,2005,1
BRA,POL.EML_PM,2006,1
BRA,POL.EML_PM,2007,1
BRA,POL.EML_PM,2008,1
BRA,POL.EML_PM,2009,1
BRA,POL.EML_PM,2010,1
BRA,POL.EML_PM,2011,1
BRA,POL.EML_PM,2012,1
BRA,POL.EML_PM,2013,1
BRA,POL.EML_PM,2014,1
BRA,POL.EML_PM,2015,1
BRA,POL.EML_PM,2016,1
BRA,POL.EML_PM,2017,1
BRA,POL.EML_PM,2018,1
BRA,POL.EML_PM,2019,1
BRA,POL.EML_PM,2020,1
KOR,POL.EML_PM,2005,6
KOR,POL.EML_PM,2006,6
KOR,POL.EML_PM,2007,6
KOR,POL.EML_PM,2008,6
KOR,POL.EML_PM,2009,6
KOR,POL.EML_PM,2010,6
KOR,POL.EML_PM,2011,6
KOR,POL.EML_PM,2012,6
KOR,POL.EML_PM,2013,6
KOR,POL.EML_PM,2014,6
KOR,POL.EML_PM,2015,6
KOR,POL.EML_PM,2016,6
KOR,POL.EML_PM,2017,6
KOR,POL.EML_PM,2018,6
KOR,POL.EML_PM,2019,6
KOR,POL.EML_PM,2020,6
POL,POL.EML_PM,2013,6
POL,POL.EML_PM,2014,6
POL,POL.EML_PM,2015,6
POL,POL.EML_PM,2016,6
POL,POL.EML_PM,2017,6
POL,POL.EML_PM,2018,6
POL,POL.EML_PM,2019,6
POL,POL.EML_PM,2020,6
POL,POL.EML_PM,2005,4
POL,POL.EML_PM,2006,4
POL,POL.EML_PM,2007,4
POL,POL.EML_PM,2008,4
POL,POL.EML_PM,2009,4
POL,POL.EML_PM,2010,4
POL,POL.EML_PM,2011,4
POL,POL.EML_PM,2012,4
KOR,POL.EML_SOX,1990,0
KOR,POL.EML_SOX,1991,1
KOR,POL.EML_SOX,1992,1
KOR,POL.EML_SOX,1993,1
KOR,POL.EML_SOX,1994,1
KOR,POL.EML_SOX,1995,1
BRA,POL.EML_SOX,1990,1
BRA,POL.EML_SOX,1991,1
BRA,POL.EML_SOX,1992,1
BRA,POL.EML_SOX,1993,1
BRA,POL.EML_SOX,1994,1
BRA,POL.EML_SOX,1995,1
BRA,POL.EML_SOX,1996,1
BRA,POL.EML_SOX,1997,1
BRA,POL.EML_SOX,1998,1
BRA,POL.EML_SOX,1999,1
BRA,POL.EML_SOX,2000,1
BRA,POL.EML_SOX,2001,1
BRA,POL.EML_SOX,2002,1
BRA,POL.EML_SOX,2003,1
BRA,POL.EML_SOX,2004,1
BRA,POL.EML_SOX,2005,1
BRA,POL.EML_SOX,2006,1
BRA,POL.EML_SOX,2007,1
BRA,POL.EML_SOX,2008,1
BRA,POL.EML_SOX,2009,1
BRA,POL.EML_SOX,2010,1
BRA,POL.EML_SOX,2011,1
BRA,POL.EML_SOX,2012,1
BRA,POL.EML_SOX,2013,1
BRA,POL.EML_SOX,2014,1
BRA,POL.EML_SOX,2015,1
BRA,POL.EML_SOX,2016,1
BRA,POL.EML_SOX,2017,1
BRA,POL.EML_SOX,2018,1
BRA,POL.EML_SOX,2019,1
BRA,POL.EML_SOX,2020,1
KOR,POL.EML_SOX,2005,5
KOR,POL.EML_SOX,2006,5
KOR,POL.EML_SOX,2007,5
KOR,POL.EML_SOX,2008,5
KOR,POL.EML_SOX,2009,5
KOR,POL.EML_SOX,2010,5
KOR,POL.EML_SOX,2011,5
KOR,POL.EML_SOX,2012,5
KOR,POL.EML_SOX,2013,5
KOR,POL.EML_SOX,2014,5
KOR,POL.EML_SOX,2015,5
KOR,POL.EML_SOX,2016,5
KOR,POL.EML_SOX,2017,5
KOR,POL.EML_SOX,2018,5
KOR,POL.EML_SOX,2019,5
KOR,POL.EML_SOX,2020,5
POL,POL.EML_SOX,2005,5
POL,POL.EML_SOX,2006,5
POL,POL.EML_SOX,2007,5
POL,POL.EML_SOX,2008,5
POL,POL.EML_SOX,2009,5
POL,POL.EML_SOX,2010,5
POL,POL.EML_SOX,2011,5
POL,POL.EML_SOX,2012,5
POL,POL.EML_SOX,2013,5
POL,POL.EML_SOX,2014,5
POL,POL.EML_SOX,2015,5
POL,POL.EML_SOX,2016,5
POL,POL.EML_SOX,2017,5
POL,POL.EML_SOX,2018,5
POL,POL.EML_SOX,2019,5
POL,POL.EML_SOX,2020,5
POL,POL.EML_SOX,1990,3
POL,POL.EML_SOX,1991,3
POL,POL.EML_SOX,1992,3
POL,POL.EML_SOX,1993,3
POL,POL.EML_SOX,1994,3
POL,POL.EML_SOX,1995,3
POL,POL.EML_SOX,1996,3
POL,POL.EML_SOX,1997,3
POL,POL.EML_SOX,1998,3
POL,POL.EML_SOX,1999,3
POL,POL.EML_SOX,2000,3
POL,POL.EML_SOX,2001,3
POL,POL.EML_SOX,2002,3
POL,POL.EML_SOX,2003,3
POL,POL.EML_SOX,2004,3
KOR,POL.EML_SOX,1996,4
KOR,POL.EML_SOX,1997,4
KOR,POL.EML_SOX,1998,4
KOR,POL.EML_SOX,1999,4
KOR,POL.EML_SOX,2000,4
KOR,POL.EML_SOX,2001,4
KOR,POL.EML_SOX,2002,4
KOR,POL.EML_SOX,2003,4
KOR,POL.EML_SOX,2004,4
BRA,POL.EML_SULPHUR,1990,0
BRA,POL.EML_SULPHUR,1991,0
BRA,POL.EML_SULPHUR,1992,0
BRA,POL.EML_SULPHUR,1993,0
BRA,POL.EML_SULPHUR,1994,0
BRA,POL.EML_SULPHUR,1995,0
BRA,POL.EML_SULPHUR,1996,0
BRA,POL.EML_SULPHUR,1997,0
BRA,POL.EML_SULPHUR,1998,0
BRA,POL.EML_SULPHUR,1999,0
BRA,POL.EML_SULPHUR,2000,0
BRA,POL.EML_SULPHUR,2001,0
BRA,POL.EML_SULPHUR,2002,0
BRA,POL.EML_SULPHUR,2003,0
BRA,POL.EML_SULPHUR,2004,0
BRA,POL.EML_SULPHUR,2005,0
BRA,POL.EML_SULPHUR,2006,0
BRA,POL.EML_SULPHUR,2007,0
BRA,POL.EML_SULPHUR,2008,0
BRA,POL.EML_SULPHUR,2009,0
BRA,POL.EML_SULPHUR,2010,0
BRA,POL.EML_SULPHUR,2011,0
KOR,POL.EML_SULPHUR,1990,1
KOR,POL.EML_SULPHUR,1991,1
KOR,POL.EML_SULPHUR,1992,1
KOR,POL.EML_SULPHUR,1993,1
KOR,POL.EML_SULPHUR,1994,1
KOR,POL.EML_SULPHUR,1995,1
POL,POL.EML_SULPHUR,1990,1
POL,POL.EML_SULPHUR,1991,1
POL,POL.EML_SULPHUR,1992,1
POL,POL.EML_SULPHUR,1993,1
POL,POL.EML_SULPHUR,1994,1
POL,POL.EML_SULPHUR,1995,1
POL,POL.EML_SULPHUR,1996,1
POL,POL.EML_SULPHUR,1997,1
POL,POL.EML_SULPHUR,1998,1
POL,POL.EML_SULPHUR,1999,1
BRA,POL.EML_SULPHUR,2012,1
BRA,POL.EML_SULPHUR,2013,1
BRA,POL.EML_SULPHUR,2014,1
BRA,POL.EML_SULPHUR,2015,1
KOR,POL.EML_SULPHUR,2004,5
KOR,POL.EML_SULPHUR,2005,5
KOR,POL.EML_SULPHUR,2006,5
KOR,POL.EML_SULPHUR,2007,5
KOR,POL.EML_SULPHUR,2008,5
POL,POL.EML_SULPHUR,2000,5
POL,POL.EML_SULPHUR,2001,5
POL,POL.EML_SULPHUR,2002,5
POL,POL.EML_SULPHUR,2003,5
POL,POL.EML_SULPHUR,2004,5
POL,POL.EML_SULPHUR,2005,5
POL,POL.EML_SULPHUR,2006,5
POL,POL.EML_SULPHUR,2007,5
POL,POL.EML_SULPHUR,2008,5
KOR,POL.EML_SULPHUR,2009,6
KOR,POL.EML_SULPHUR,2010,6
KOR,POL.EML_SULPHUR,2011,6
KOR,POL.EML_SULPHUR,2012,6
KOR,POL.EML_SULPHUR,2013,6
KOR,POL.EML_SULPHUR,2014,6
KOR,POL.EML_SULPHUR,2015,6
KOR,POL.EML_SULPHUR,2016,6
KOR,POL.EML_SULPHUR,2017,6
KOR,POL.EML_SULPHUR,2018,6
KOR,POL.EML_SULPHUR,2019,6
KOR,POL.EML_SULPHUR,2020,6
POL,POL.EML_SULPHUR,2009,6
POL,POL.EML_SULPHUR,2010,6
POL,POL.EML_SULPHUR,2011,6
POL,POL.EML_SULPHUR,2012,6
POL,POL.EML_SULPHUR,2013,6
POL,POL.EML_SULPHUR,2014,6
POL,POL.EML_SULPHUR,2015,6
POL,POL.EML_SULPHUR,2016,6
POL,POL.EML_SULPHUR,2017,6
POL,POL.EML_SULPHUR,2018,6
POL,POL.EML_SULPHUR,2019,6
POL,POL.EML_SULPHUR,2020,6
KOR,POL.EML_SULPHUR,1996,3
KOR,POL.EML_SULPHUR,1997,3
KOR,POL.EML_SULPHUR,1998,3
KOR,POL.EML_SULPHUR,1999,4
KOR,POL.EML_SULPHUR,2000,4
KOR,POL.EML_SULPHUR,2001,4
KOR,POL.EML_SULPHUR,2002,4
KOR,POL.EML_SULPHUR,2003,4
BRA,POL.EML_SULPHUR,2016,4
BRA,POL.EML_SULPHUR,2017,4
BRA,POL.EML_SULPHUR,2018,4
BRA,POL.EML_SULPHUR,2019,4
BRA,POL.EML_SULPHUR,2020,4
BRA,EN.ATM.CO2E.PC,1856,0.028650621
BRA,EN.ATM.CO2E.PC,1857,0.03341477
BRA,EN.ATM.CO2E.PC,1858,0.03480425
BRA,EN.ATM.CO2E.PC,1859,0.044897646
BRA,EN.ATM.CO2E.PC,1860,0.05159468
BRA,EN.ATM.CO2E.PC,1861,0.047911853
BRA,EN.ATM.CO2E.PC,1862,0.04088697
BRA,EN.ATM.CO2E.PC,1863,0.04827255
BRA,EN.ATM.CO2E.PC,1864,0.05352549
BRA,EN.ATM.CO2E.PC,1865,0.0628613
BRA,EN.ATM.CO2E.PC,1866,0.06993306
BRA,EN.ATM.CO2E.PC,1867,0.05913751
BRA,EN.ATM.CO2E.PC,1868,0.079007916
BRA,EN.ATM.CO2E.PC,1869,0.06252123
BRA,EN.ATM.CO2E.PC,1870,0.07095229
BRA,EN.ATM.CO2E.PC,1871,0.08436733
BRA,EN.ATM.CO2E.PC,1872,0.0842056
BRA,EN.ATM.CO2E.PC,1873,0.099078625
BRA,EN.ATM.CO2E.PC,1874,0.094129875
BRA,EN.ATM.CO2E.PC,1875,0.08717049
BRA,EN.ATM.CO2E.PC,1876,0.07675679
BRA,EN.ATM.CO2E.PC,1877,0.078498445
BRA,EN.ATM.CO2E.PC,1878,0.08327771
BRA,EN.ATM.CO2E.PC,1879,0.06956303
BRA,EN.ATM.CO2E.PC,1880,0.07802751
BRA,EN.ATM.CO2E.PC,1881,0.08551095
BRA,EN.ATM.CO2E.PC,1882,0.077181265
BRA,EN.ATM.CO2E.PC,1883,0.09350129
BRA,EN.ATM.CO2E.PC,1884,0.10058415
BRA,EN.ATM.CO2E.PC,1885,0.09355589
BRA,EN.ATM.CO2E.PC,1886,0.09338007
BRA,EN.ATM.CO2E.PC,1887,0.09755127
BRA,EN.ATM.CO2E.PC,1888,0.09339209
BRA,EN.ATM.CO2E.PC,1889,0.132758
BRA,EN.ATM.CO2E.PC,1890,0.11976609
BRA,EN.ATM.CO2E.PC,1891,0.14170356
BRA,EN.ATM.CO2E.PC,1892,0.14343461
BRA,EN.ATM.CO2E.PC,1893,0.12858164
BRA,EN.ATM.CO2E.PC,1894,0.1471538
BRA,EN.ATM.CO2E.PC,1895,0.13622174
BRA,EN.ATM.CO2E.PC,1896,0.15901579
BRA,EN.ATM.CO2E.PC,1897,0.16233563
BRA,EN.ATM.CO2E.PC,1898,0.15545407
BRA,EN.ATM.CO2E.PC,1899,0.14801672
BRA,EN.ATM.CO2E.PC,1900,0.12582514
BRA,EN.ATM.CO2E.PC,1901,0.1253755
BRA,EN.ATM.CO2E.PC,1902,0.13537896
BRA,EN.ATM.CO2E.PC,1903,0.12670867
BRA,EN.ATM.CO2E.PC,1904,0.13405348
BRA,EN.ATM.CO2E.PC,1905,0.14279857
BRA,EN.ATM.CO2E.PC,1906,0.1581205
BRA,EN.ATM.CO2E.PC,1907,0.17738257
BRA,EN.ATM.CO2E.PC,1908,0.17401078
BRA,EN.ATM.CO2E.PC,1909,0.17475581
BRA,EN.ATM.CO2E.PC,1910,0.20503342
BRA,EN.ATM.CO2E.PC,1911,0.23573512
BRA,EN.ATM.CO2E.PC,1912,0.2348308
BRA,EN.ATM.CO2E.PC,1913,0.25635076
BRA,EN.ATM.CO2E.PC,1914,0.19143723
BRA,EN.ATM.CO2E.PC,1915,0.12924525
BRA,EN.ATM.CO2E.PC,1916,0.10776666
BRA,EN.ATM.CO2E.PC,1917,0.10957019
BRA,EN.ATM.CO2E.PC,1918,0.10036321
BRA,EN.ATM.CO2E.PC,1919,0.10981024
BRA,EN.ATM.CO2E.PC,1920,0.14365888
BRA,EN.ATM.CO2E.PC,1921,0.10248378
BRA,EN.ATM.CO2E.PC,1922,0.14007734
BRA,EN.ATM.CO2E.PC,1923,0.16337565
BRA,EN.ATM.CO2E.PC,1924,0.17767125
BRA,EN.ATM.CO2E.PC,1925,0.17483838
BRA,EN.ATM.CO2E.PC,1926,0.1754328
BRA,EN.ATM.CO2E.PC,1927,0.18979949
BRA,EN.ATM.CO2E.PC,1928,0.18735394
BRA,EN.ATM.CO2E.PC,1929,0.1912597
BRA,EN.ATM.CO2E.PC,1930,0.17116176
BRA,EN.ATM.CO2E.PC,1931,0.13831244
BRA,EN.ATM.CO2E.PC,1932,0.13575594
BRA,EN.ATM.CO2E.PC,1933,0.14408183
BRA,EN.ATM.CO2E.PC,1934,0.1406607
BRA,EN.ATM.CO2E.PC,1935,0.14372028
BRA,EN.ATM.CO2E.PC,1936,0.14709583
BRA,EN.ATM.CO2E.PC,1937,0.17272756
BRA,EN.ATM.CO2E.PC,1938,0.18052769
BRA,EN.ATM.CO2E.PC,1939,0.1381796
BRA,EN.ATM.CO2E.PC,1940,0.13602734
BRA,EN.ATM.CO2E.PC,1941,0.14752005
BRA,EN.ATM.CO2E.PC,1942,0.13438162
BRA,EN.ATM.CO2E.PC,1943,0.14447427
BRA,EN.ATM.CO2E.PC,1944,0.12814638
BRA,EN.ATM.CO2E.PC,1945,0.14445925
BRA,EN.ATM.CO2E.PC,1946,0.15386443
BRA,EN.ATM.CO2E.PC,1947,0.17976093
BRA,EN.ATM.CO2E.PC,1948,0.15357992
BRA,EN.ATM.CO2E.PC,1949,0.14034759
BRA,EN.ATM.CO2E.PC,1950,0.36808848
BRA,EN.ATM.CO2E.PC,1951,0.39367142
BRA,EN.ATM.CO2E.PC,1952,0.43979833
BRA,EN.ATM.CO2E.PC,1953,0.43157315
BRA,EN.ATM.CO2E.PC,1954,0.49266315
BRA,EN.ATM.CO2E.PC,1955,0.54787326
BRA,EN.ATM.CO2E.PC,1956,0.57170343
BRA,EN.ATM.CO2E.PC,1957,0.54480183
BRA,EN.ATM.CO2E.PC,1958,0.5735453
BRA,EN.ATM.CO2E.PC,1959,0.5556843
BRA,EN.ATM.CO2E.PC,1960,0.64723074
BRA,EN.ATM.CO2E.PC,1961,0.65861213
BRA,EN.ATM.CO2E.PC,1962,0.69749594
BRA,EN.ATM.CO2E.PC,1963,0.7013652
BRA,EN.ATM.CO2E.PC,1964,0.69489866
BRA,EN.ATM.CO2E.PC,1965,0.6714489
BRA,EN.ATM.CO2E.PC,1966,0.7448677
BRA,EN.ATM.CO2E.PC,1967,0.74658513
BRA,EN.ATM.CO2E.PC,1968,0.85103697
BRA,EN.ATM.CO2E.PC,1969,0.90373176
BRA,EN.ATM.CO2E.PC,1970,0.9802103
BRA,EN.ATM.CO2E.PC,1971,1.0470412
BRA,EN.ATM.CO2E.PC,1972,1.138517
BRA,EN.ATM.CO2E.PC,1973,1.2871299
BRA,EN.ATM.CO2E.PC,1974,1.3608919
BRA,EN.ATM.CO2E.PC,1975,1.3968332
BRA,EN.ATM.CO2E.PC,1976,1.4027971
BRA,EN.ATM.CO2E.PC,1977,1.4384314
BRA,EN.ATM.CO2E.PC,1978,1.5321431
BRA,EN.ATM.CO2E.PC,1979,1.5862972
BRA,EN.ATM.CO2E.PC,1980,1.5361323
BRA,EN.ATM.CO2E.PC,1981,1.3809458
BRA,EN.ATM.CO2E.PC,1982,1.3512089
BRA,EN.ATM.CO2E.PC,1983,1.2782162
BRA,EN.ATM.CO2E.PC,1984,1.2631456
BRA,EN.ATM.CO2E.PC,1985,1.3290776
BRA,EN.ATM.CO2E.PC,1986,1.4257884
BRA,EN.ATM.CO2E.PC,1987,1.4596772
BRA,EN.ATM.CO2E.PC,1988,1.4440695
BRA,EN.ATM.CO2E.PC,1989,1.4475546
BRA,EN.ATM.CO2E.PC,1990,1.4660941
BRA,EN.ATM.CO2E.PC,1991,1.5119139
BRA,EN.ATM.CO2E.PC,1992,1.514185
BRA,EN.ATM.CO2E.PC,1993,1.5581279
BRA,EN.ATM.CO2E.PC,1994,1.5948387
BRA,EN.ATM.CO2E.PC,1995,1.6612229
BRA,EN.ATM.CO2E.PC,1996,1.7619154
BRA,EN.ATM.CO2E.PC,1997,1.8417493
BRA,EN.ATM.CO2E.PC,1998,1.8760916
BRA,EN.ATM.CO2E.PC,1999,1.9066247
BRA,EN.ATM.CO2E.PC,2000,1.9548694
BRA,EN.ATM.CO2E.PC,2001,1.9634919
BRA,EN.ATM.CO2E.PC,2002,1.9482254
BRA,EN.ATM.CO2E.PC,2003,1.9080936
BRA,EN.ATM.CO2E.PC,2004,1.9785614
BRA,EN.ATM.CO2E.PC,2005,1.9728992
BRA,EN.ATM.CO2E.PC,2006,1.9762384
BRA,EN.ATM.CO2E.PC,2007,2.0714304
BRA,EN.ATM.CO2E.PC,2008,2.1675887
BRA,EN.ATM.CO2E.PC,2009,2.029233
BRA,EN.ATM.CO2E.PC,2010,2.2729201
BRA,EN.ATM.CO2E.PC,2011,2.3687463
BRA,EN.ATM.CO2E.PC,2012,2.531079
BRA,EN.ATM.CO2E.PC,2013,2.6825001
BRA,EN.ATM.CO2E.PC,2014,2.7883182
BRA,EN.ATM.CO2E.PC,2015,2.6247756
BRA,EN.ATM.CO2E.PC,2016,2.4247248
BRA,EN.ATM.CO2E.PC,2017,2.4340892
BRA,EN.ATM.CO2E.PC,2018,2.3210201
BRA,EN.ATM.CO2E.PC,2019,2.2818863
BRA,EN.ATM.CO2E.PC,2020,2.1336446
BRA,EN.ATM.CO2E.PC,2021,2.3765984
BRA,EN.ATM.CO2E.PC,2022,2.3006458
BRA,EN.ATM.CO2E.PC,2023,2.3040087
POL,EN.ATM.CO2E.PC,1800,0.045189332
POL,EN.ATM.CO2E.PC,1801,0.048899516
POL,EN.ATM.CO2E.PC,1802,0.049343564
POL,EN.ATM.CO2E.PC,1803,0.050176714
POL,EN.ATM.CO2E.PC,1804,0.049413763
POL,EN.ATM.CO2E.PC,1805,0.061216537
POL,EN.ATM.CO2E.PC,1806,0.05531447
POL,EN.ATM.CO2E.PC,1807,0.03982849
POL,EN.ATM.CO2E.PC,1808,0.052587613
POL,EN.ATM.CO2E.PC,1809,0.049153995
POL,EN.ATM.CO2E.PC,1810,0.058625095
POL,EN.ATM.CO2E.PC,1811,0.060448285
POL,EN.ATM.CO2E.PC,1812,0.04621533
POL,EN.ATM.CO2E.PC,1813,0.03847724
POL,EN.ATM.CO2E.PC,1814,0.050314993
POL,EN.ATM.CO2E.PC,1815,0.058696058
POL,EN.ATM.CO2E.PC,1816,0.06695161
POL,EN.ATM.CO2E.PC,1817,0.07292754
POL,EN.ATM.CO2E.PC,1818,0.08986743
POL,EN.ATM.CO2E.PC,1819,0.07327879
POL,EN.ATM.CO2E.PC,1820,0.071687624
POL,EN.ATM.CO2E.PC,1821,0.078836694
POL,EN.ATM.CO2E.PC,1822,0.085877135
POL,EN.ATM.CO2E.PC,1823,0.11446584
POL,EN.ATM.CO2E.PC,1824,0.11874538
POL,EN.ATM.CO2E.PC,1825,0.122617334
POL,EN.ATM.CO2E.PC,1826,0.111967854
POL,EN.ATM.CO2E.PC,1827,0.119157985
POL,EN.ATM.CO2E.PC,1828,0.109338894
POL,EN.ATM.CO2E.PC,1829,0.09571049
POL,EN.ATM.CO2E.PC,1830,0.08815281
POL,EN.ATM.CO2E.PC,1831,0.071625955
POL,EN.ATM.CO2E.PC,1832,0.09072627
POL,EN.ATM.CO2E.PC,1833,0.09357449
POL,EN.ATM.CO2E.PC,1834,0.09764417
POL,EN.ATM.CO2E.PC,1835,0.103852116
POL,EN.ATM.CO2E.PC,1836,0.116836585
POL,EN.ATM.CO2E.PC,1837,0.12466344
POL,EN.ATM.CO2E.PC,1838,0.13329282
POL,EN.ATM.CO2E.PC,1839,0.14026114
POL,EN.ATM.CO2E.PC,1840,0.16289388
POL,EN.ATM.CO2E.PC,1841,0.17585275
POL,EN.ATM.CO2E.PC,1842,0.18622164
POL,EN.ATM.CO2E.PC,1843,0.18188983
POL,EN.ATM.CO2E.PC,1844,0.19233882
POL,EN.ATM.CO2E.PC,1845,0.22279966
POL,EN.ATM.CO2E.PC,1846,0.23364756
POL,EN.ATM.CO2E.PC,1847,0.23769778
POL,EN.ATM.CO2E.PC,1848,0.237672
POL,EN.ATM.CO2E.PC,1849,0.23253947
POL,EN.ATM.CO2E.PC,1850,0.2454724
POL,EN.ATM.CO2E.PC,1851,0.2623792
POL,EN.ATM.CO2E.PC,1852,0.30964217
POL,EN.ATM.CO2E.PC,1853,0.3195806
POL,EN.ATM.CO2E.PC,1854,0.34931052
POL,EN.ATM.CO2E.PC,1855,0.40574992
POL,EN.ATM.CO2E.PC,1856,0.45026627
POL,EN.ATM.CO2E.PC,1857,0.47270885
POL,EN.ATM.CO2E.PC,1858,0.5355126
POL,EN.ATM.CO2E.PC,1859,0.48803973
POL,EN.ATM.CO2E.PC,1860,0.5072211
POL,EN.ATM.CO2E.PC,1861,0.51309466
POL,EN.ATM.CO2E.PC,1862,0.5816763
POL,EN.ATM.CO2E.PC,1863,0.65586
POL,EN.ATM.CO2E.PC,1864,0.7226562
POL,EN.ATM.CO2E.PC,1865,0.7899976
POL,EN.ATM.CO2E.PC,1866,0.7632576
POL,EN.ATM.CO2E.PC,1867,0.8243138
POL,EN.ATM.CO2E.PC,1868,0.92566586
POL,EN.ATM.CO2E.PC,1869,0.94349986
POL,EN.ATM.CO2E.PC,1870,0.9934912
POL,EN.ATM.CO2E.PC,1871,1.1153967
POL,EN.ATM.CO2E.PC,1872,1.195611
POL,EN.ATM.CO2E.PC,1873,1.2761083
POL,EN.ATM.CO2E.PC,1874,1.3780894
POL,EN.ATM.CO2E.PC,1875,1.333415
POL,EN.ATM.CO2E.PC,1876,1.3427811
POL,EN.ATM.CO2E.PC,1877,1.2447325
POL,EN.ATM.CO2E.PC,1878,1.2899075
POL,EN.ATM.CO2E.PC,1879,1.3834292
POL,EN.ATM.CO2E.PC,1880,1.3558813
POL,EN.ATM.CO2E.PC,1881,1.3299598
POL,EN.ATM.CO2E.PC,1882,1.3610665
POL,EN.ATM.CO2E.PC,1883,1.4730229
POL,EN.ATM.CO2E.PC,1884,1.5131547
POL,EN.ATM.CO2E.PC,1885,1.5575616
POL,EN.ATM.CO2E.PC,1886,1.5737689
POL,EN.ATM.CO2E.PC,1887,1.5619694
POL,EN.ATM.CO2E.PC,1888,1.7137668
POL,EN.ATM.CO2E.PC,1889,1.827004
POL,EN.ATM.CO2E.PC,1890,1.8654754
POL,EN.ATM.CO2E.PC,1891,1.9993907
POL,EN.ATM.CO2E.PC,1892,1.8832577
POL,EN.ATM.CO2E.PC,1893,1.9660541
POL,EN.ATM.CO2E.PC,1894,1.9837779
POL,EN.ATM.CO2E.PC,1895,2.0925136
POL,EN.ATM.CO2E.PC,1896,2.2348957
POL,EN.ATM.CO2E.PC,1897,2.3175058
POL,EN.ATM.CO2E.PC,1898,2.498312
POL,EN.ATM.CO2E.PC,1899,2.5655856
POL,EN.ATM.CO2E.PC,1900,2.6038501
POL,EN.ATM.CO2E.PC,1901,2.7316468
POL,EN.ATM.CO2E.PC,1902,2.6551762
POL,EN.ATM.CO2E.PC,1903,2.757266
POL,EN.ATM.CO2E.PC,1904,2.7737193
POL,EN.ATM.CO2E.PC,1905,2.972789
POL,EN.ATM.CO2E.PC,1906,3.1020641
POL,EN.ATM.CO2E.PC,1907,3.413258
POL,EN.ATM.CO2E.PC,1908,3.6158361
POL,EN.ATM.CO2E.PC,1909,3.7009327
POL,EN.ATM.CO2E.PC,1910,3.6632185
POL,EN.ATM.CO2E.PC,1911,3.8735087
POL,EN.ATM.CO2E.PC,1912,4.3458357
POL,EN.ATM.CO2E.PC,1913,4.6024585
POL,EN.ATM.CO2E.PC,1914,3.884173
POL,EN.ATM.CO2E.PC,1915,3.8353822
POL,EN.ATM.CO2E.PC,1916,4.451905
POL,EN.ATM.CO2E.PC,1917,5.001783
POL,EN.ATM.CO2E.PC,1918,4.2455487
POL,EN.ATM.CO2E.PC,1919,0.11475124
POL,EN.ATM.CO2E.PC,1920,3.210359
POL,EN.ATM.CO2E.PC,1921,3.1324885
POL,EN.ATM.CO2E.PC,1922,2.9668422
POL,EN.ATM.CO2E.PC,1923,2.137205
POL,EN.ATM.CO2E.PC,1924,1.914162
POL,EN.ATM.CO2E.PC,1925,1.8926381
POL,EN.ATM.CO2E.PC,1926,1.8642147
POL,EN.ATM.CO2E.PC,1927,2.3119197
POL,EN.ATM.CO2E.PC,1928,2.3578176
POL,EN.ATM.CO2E.PC,1929,2.6868458
POL,EN.ATM.CO2E.PC,1930,2.0655017
POL,EN.ATM.CO2E.PC,1931,1.9816872
POL,EN.ATM.CO2E.PC,1932,1.5048476
POL,EN.ATM.CO2E.PC,1933,1.5392022
POL,EN.ATM.CO2E.PC,1934,1.6007956
POL,EN.ATM.CO2E.PC,1935,1.623688
POL,EN.ATM.CO2E.PC,1936,1.744612
POL,EN.ATM.CO2E.PC,1937,1.9575403
POL,EN.ATM.CO2E.PC,1938,2.0696678
POL,EN.ATM.CO2E.PC,1939,1.7900759
POL,EN.ATM.CO2E.PC,1940,5.790387
POL,EN.ATM.CO2E.PC,1941,5.756054
POL,EN.ATM.CO2E.PC,1942,6.4314394
POL,EN.ATM.CO2E.PC,1943,7.13858
POL,EN.ATM.CO2E.PC,1944,6.9538517
POL,EN.ATM.CO2E.PC,1945,2.2291417
POL,EN.ATM.CO2E.PC,1946,3.9965856
POL,EN.ATM.CO2E.PC,1947,3.5651448
POL,EN.ATM.CO2E.PC,1948,3.5295322
POL,EN.ATM.CO2E.PC,1949,4.2344003
POL,EN.ATM.CO2E.PC,1950,4.5247025
POL,EN.ATM.CO2E.PC,1951,4.8421564
POL,EN.ATM.CO2E.PC,1952,4.987536
POL,EN.ATM.CO2E.PC,1953,5.3276663
POL,EN.ATM.CO2E.PC,1954,5.5496745
POL,EN.ATM.CO2E.PC,1955,5.6977677
POL,EN.ATM.CO2E.PC,1956,6.043718
POL,EN.ATM.CO2E.PC,1957,6.3641295
POL,EN.ATM.CO2E.PC,1958,6.170115
POL,EN.ATM.CO2E.PC,1959,6.5102515
POL,EN.ATM.CO2E.PC,1960,6.7479477
POL,EN.ATM.CO2E.PC,1961,6.912526
POL,EN.ATM.CO2E.PC,1962,7.1397758
POL,EN.ATM.CO2E.PC,1963,7.5307646
POL,EN.ATM.CO2E.PC,1964,7.8365884
POL,EN.ATM.CO2E.PC,1965,7.8937035
POL,EN.ATM.CO2E.PC,1966,7.996349
POL,EN.ATM.CO2E.PC,1967,8.138128
POL,EN.ATM.CO2E.PC,1968,8.597721
POL,EN.ATM.CO2E.PC,1969,9.076116
POL,EN.ATM.CO2E.PC,1970,9.345997
POL,EN.ATM.CO2E.PC,1971,9.547403
POL,EN.ATM.CO2E.PC,1972,9.972351
POL,EN.ATM.CO2E.PC,1973,10.067717
POL,EN.ATM.CO2E.PC,1974,10.291654
POL,EN.ATM.CO2E.PC,1975,11.034498
POL,EN.ATM.CO2E.PC,1976,11.608108
POL,EN.ATM.CO2E.PC,1977,12.069676
POL,EN.ATM.CO2E.PC,1978,12.333755
POL,EN.ATM.CO2E.PC,1979,12.519969
POL,EN.ATM.CO2E.PC,1980,13.023452
POL,EN.ATM.CO2E.PC,1981,11.392384
POL,EN.ATM.CO2E.PC,1982,11.618277
POL,EN.ATM.CO2E.PC,1983,11.511654
POL,EN.ATM.CO2E.PC,1984,11.718143
POL,EN.ATM.CO2E.PC,1985,11.948863
POL,EN.ATM.CO2E.PC,1986,12.064544
POL,EN.ATM.CO2E.PC,1987,12.311799
POL,EN.ATM.CO2E.PC,1988,11.746565
POL,EN.ATM.CO2E.PC,1989,11.128002
POL,EN.ATM.CO2E.PC,1990,9.897169
POL,EN.ATM.CO2E.PC,1991,9.792763
POL,EN.ATM.CO2E.PC,1992,9.533767
POL,EN.ATM.CO2E.PC,1993,9.535867
POL,EN.ATM.CO2E.PC,1994,9.394311
POL,EN.ATM.CO2E.PC,1995,9.451782
POL,EN.ATM.CO2E.PC,1996,9.835599
POL,EN.ATM.CO2E.PC,1997,9.576317
POL,EN.ATM.CO2E.PC,1998,8.847057
POL,EN.ATM.CO2E.PC,1999,8.599777
POL,EN.ATM.CO2E.PC,2000,8.297652
POL,EN.ATM.CO2E.PC,2001,8.196662
POL,EN.ATM.CO2E.PC,2002,8.007525
POL,EN.ATM.CO2E.PC,2003,8.348735
POL,EN.ATM.CO2E.PC,2004,8.483548
POL,EN.ATM.CO2E.PC,2005,8.466197
POL,EN.ATM.CO2E.PC,2006,8.840739
POL,EN.ATM.CO2E.PC,2007,8.835365
POL,EN.ATM.CO2E.PC,2008,8.673716
POL,EN.ATM.CO2E.PC,2009,8.316445
POL,EN.ATM.CO2E.PC,2010,8.773312
POL,EN.ATM.CO2E.PC,2011,8.731046
POL,EN.ATM.CO2E.PC,2012,8.52221
POL,EN.ATM.CO2E.PC,2013,8.41436
POL,EN.ATM.CO2E.PC,2014,8.090823
POL,EN.ATM.CO2E.PC,2015,8.173148
POL,EN.ATM.CO2E.PC,2016,8.456021
POL,EN.ATM.CO2E.PC,2017,8.803221
POL,EN.ATM.CO2E.PC,2018,8.78818
POL,EN.ATM.CO2E.PC,2019,8.311772
POL,EN.ATM.CO2E.PC,2020,7.9231005
POL,EN.ATM.CO2E.PC,2021,8.700757
POL,EN.ATM.CO2E.PC,2022,8.207275
POL,EN.ATM.CO2E.PC,2023,7.462856
KOR,EN.ATM.CO2E.PC,1905,0.00007904359
KOR,EN.ATM.CO2E.PC,1909,0.00084252574
KOR,EN.ATM.CO2E.PC,1910,0.0010505881
KOR,EN.ATM.CO2E.PC,1911,0.0012330522
KOR,EN.ATM.CO2E.PC,1912,0.0015220849
KOR,EN.ATM.CO2E.PC,1913,0.0017427804
KOR,EN.ATM.CO2E.PC,1914,0.002454863
KOR,EN.ATM.CO2E.PC,1915,0.0030178302
KOR,EN.ATM.CO2E.PC,1916,0.0024709727
KOR,EN.ATM.CO2E.PC,1918,0.0023613453
KOR,EN.ATM.CO2E.PC,1919,0.0027516454
KOR,EN.ATM.CO2E.PC,1920,0.0035155378
KOR,EN.ATM.CO2E.PC,1921,0.0037243112
KOR,EN.ATM.CO2E.PC,1922,0.0037459387
KOR,EN.ATM.CO2E.PC,1923,0.004406232
KOR,EN.ATM.CO2E.PC,1924,0.004555411
KOR,EN.ATM.CO2E.PC,1925,0.0071488135
KOR,EN.ATM.CO2E.PC,1926,0.0075516426
KOR,EN.ATM.CO2E.PC,1927,0.007699354
KOR,EN.ATM.CO2E.PC,1928,0.008726238
KOR,EN.ATM.CO2E.PC,1929,0.009872459
KOR,EN.ATM.CO2E.PC,1930,0.009171892
KOR,EN.ATM.CO2E.PC,1931,0.009585923
KOR,EN.ATM.CO2E.PC,1932,0.011155082
KOR,EN.ATM.CO2E.PC,1933,0.012998396
KOR,EN.ATM.CO2E.PC,1934,0.017085185
KOR,EN.ATM.CO2E.PC,1935,0.019861618
KOR,EN.ATM.CO2E.PC,1936,0.023039337
KOR,EN.ATM.CO2E.PC,1937,0.024362974
KOR,EN.ATM.CO2E.PC,1938,0.03222253
KOR,EN.ATM.CO2E.PC,1939,0.041420978
KOR,EN.ATM.CO2E.PC,1940,0.052291572
KOR,EN.ATM.CO2E.PC,1941,0.057031173
KOR,EN.ATM.CO2E.PC,1942,0.061373632
KOR,EN.ATM.CO2E.PC,1943,0.05778662
KOR,EN.ATM.CO2E.PC,1944,0.059320096
KOR,EN.ATM.CO2E.PC,1945,0.00020727544
KOR,EN.ATM.CO2E.PC,1946,0.02700406
KOR,EN.ATM.CO2E.PC,1947,0.048331134
KOR,EN.ATM.CO2E.PC,1948,0.08740277
KOR,EN.ATM.CO2E.PC,1949,0.11088773
KOR,EN.ATM.CO2E.PC,1950,0.11052537
KOR,EN.ATM.CO2E.PC,1951,0.14715604
KOR,EN.ATM.CO2E.PC,1952,0.17114936
KOR,EN.ATM.CO2E.PC,1953,0.22591253
KOR,EN.ATM.CO2E.PC,1954,0.24088418
KOR,EN.ATM.CO2E.PC,1955,0.29128623
KOR,EN.ATM.CO2E.PC,1956,0.33028087
KOR,EN.ATM.CO2E.PC,1957,0.34716937
KOR,EN.ATM.CO2E.PC,1958,0.36808914
KOR,EN.ATM.CO2E.PC,1959,0.4435636
KOR,EN.ATM.CO2E.PC,1960,0.4801812
KOR,EN.ATM.CO2E.PC,1961,0.5380675
KOR,EN.ATM.CO2E.PC,1962,0.62748337
KOR,EN.ATM.CO2E.PC,1963,0.74907666
KOR,EN.ATM.CO2E.PC,1964,0.7721402
KOR,EN.ATM.CO2E.PC,1965,0.8529578
KOR,EN.ATM.CO2E.PC,1966,1.0045666
KOR,EN.ATM.CO2E.PC,1967,1.151415
KOR,EN.ATM.CO2E.PC,1968,1.1931609
KOR,EN.ATM.CO2E.PC,1969,1.3332661
KOR,EN.ATM.CO2E.PC,1970,1.6506673
KOR,EN.ATM.CO2E.PC,1971,1.7609502
KOR,EN.ATM.CO2E.PC,1972,1.7752897
KOR,EN.ATM.CO2E.PC,1973,2.107519
KOR,EN.ATM.CO2E.PC,1974,2.140979
KOR,EN.ATM.CO2E.PC,1975,2.2763515
KOR,EN.ATM.CO2E.PC,1976,2.5592287
KOR,EN.ATM.CO2E.PC,1977,2.8623586
KOR,EN.ATM.CO2E.PC,1978,3.0341585
KOR,EN.ATM.CO2E.PC,1979,3.523497
KOR,EN.ATM.CO2E.PC,1980,3.5270195
KOR,EN.ATM.CO2E.PC,1981,3.6079779
KOR,EN.ATM.CO2E.PC,1982,3.577125
KOR,EN.ATM.CO2E.PC,1983,3.728252
KOR,EN.ATM.CO2E.PC,1984,3.9583046
KOR,EN.ATM.CO2E.PC,1985,4.1011415
KOR,EN.ATM.CO2E.PC,1986,4.2258763
KOR,EN.ATM.CO2E.PC,1987,4.3797073
KOR,EN.ATM.CO2E.PC,1988,4.914697
KOR,EN.ATM.CO2E.PC,1989,5.1352463
KOR,EN.ATM.CO2E.PC,1990,5.6829114
KOR,EN.ATM.CO2E.PC,1991,6.2037244
KOR,EN.ATM.CO2E.PC,1992,6.716251
KOR,EN.ATM.CO2E.PC,1993,7.3555517
KOR,EN.ATM.CO2E.PC,1994,7.8814135
KOR,EN.ATM.CO2E.PC,1995,8.456663
KOR,EN.ATM.CO2E.PC,1996,9.224541
KOR,EN.ATM.CO2E.PC,1997,9.685518
KOR,EN.ATM.CO2E.PC,1998,8.17717
KOR,EN.ATM.CO2E.PC,1999,8.828288
KOR,EN.ATM.CO2E.PC,2000,9.407999
KOR,EN.ATM.CO2E.PC,2001,9.685312
KOR,EN.ATM.CO2E.PC,2002,10.064984
KOR,EN.ATM.CO2E.PC,2003,10.211963
KOR,EN.ATM.CO2E.PC,2004,10.302297
KOR,EN.ATM.CO2E.PC,2005,10.421549
KOR,EN.ATM.CO2E.PC,2006,10.487704
KOR,EN.ATM.CO2E.PC,2007,10.828748
KOR,EN.ATM.CO2E.PC,2008,11.015084
KOR,EN.ATM.CO2E.PC,2009,11.078403
KOR,EN.ATM.CO2E.PC,2010,12.18674
KOR,EN.ATM.CO2E.PC,2011,12.690266
KOR,EN.ATM.CO2E.PC,2012,12.660249
KOR,EN.ATM.CO2E.PC,2013,12.673574
KOR,EN.ATM.CO2E.PC,2014,12.453072
KOR,EN.ATM.CO2E.PC,2015,12.438773
KOR,EN.ATM.CO2E.PC,2016,12.435496
KOR,EN.ATM.CO2E.PC,2017,12.712852
KOR,EN.ATM.CO2E.PC,2018,12.977481
KOR,EN.ATM.CO2E.PC,2019,12.480763
KOR,EN.ATM.CO2E.PC,2020,11.524331
KOR,EN.ATM.CO2E.PC,2021,11.882237
KOR,EN.ATM.CO2E.PC,2022,11.627331
KOR,EN.ATM.CO2E.PC,2023,11.15808
BRA,EN.ATM.PM25.MC.M3,1990,15.3637307497621
BRA,EN.ATM.PM25.MC.M3,1991,15.4055431396169
BRA,EN.ATM.PM25.MC.M3,1992,15.4413939623529
BRA,EN.ATM.PM25.MC.M3,1993,15.4723737966713
BRA,EN.ATM.PM25.MC.M3,1994,15.4995732212737
BRA,EN.ATM.PM25.MC.M3,1995,15.5240828148613
BRA,EN.ATM.PM25.MC.M3,1996,15.5458287968527
BRA,EN.ATM.PM25.MC.M3,1997,15.563018865473
BRA,EN.ATM.PM25.MC.M3,1998,15.5741658176334
BRA,EN.ATM.PM25.MC.M3,1999,15.5777824502452
BRA,EN.ATM.PM25.MC.M3,2000,15.5723815602196
BRA,EN.ATM.PM25.MC.M3,2001,15.5528127146329
BRA,EN.ATM.PM25.MC.M3,2002,15.5176007943732
BRA,EN.ATM.PM25.MC.M3,2003,15.4707715670693
BRA,EN.ATM.PM25.MC.M3,2004,15.4163508003501
BRA,EN.ATM.PM25.MC.M3,2005,15.3583642618445
BRA,EN.ATM.PM25.MC.M3,2006,15.2503863469125
BRA,EN.ATM.PM25.MC.M3,2007,15.0873086360928
BRA,EN.ATM.PM25.MC.M3,2008,14.9351326747822
BRA,EN.ATM.PM25.MC.M3,2009,14.8598600083774
BRA,EN.ATM.PM25.MC.M3,2010,14.9274921822751
BRA,EN.ATM.PM25.MC.M3,2011,15.539471795948
BRA,EN.ATM.PM25.MC.M3,2012,14.6007414104339
BRA,EN.ATM.PM25.MC.M3,2013,13.8897320409453
BRA,EN.ATM.PM25.MC.M3,2014,13.7916487838641
BRA,EN.ATM.PM25.MC.M3,2015,12.4042007642389
BRA,EN.ATM.PM25.MC.M3,2016,12.1085038135727
BRA,EN.ATM.PM25.MC.M3,2017,12.2193388464901
BRA,EN.ATM.PM25.MC.M3,2018,12.2516401526844
BRA,EN.ATM.PM25.MC.M3,2019,12.3488400923542
BRA,EN.ATM.PM25.MC.M3,2020,12.1793252040724
KOR,EN.ATM.PM25.MC.M3,,
KOR,EN.ATM.PM25.MC.M3,1990,25.9812102161272
KOR,EN.ATM.PM25.MC.M3,1991,25.8340331331506
KOR,EN.ATM.PM25.MC.M3,1992,25.7027105842518
KOR,EN.ATM.PM25.MC.M3,1993,25.591421306508
KOR,EN.ATM.PM25.MC.M3,1994,25.5043440369966
KOR,EN.ATM.PM25.MC.M3,1995,25.445657512795
KOR,EN.ATM.PM25.MC.M3,1996,25.4275858537812
KOR,EN.ATM.PM25.MC.M3,1997,25.4428536619644
KOR,EN.ATM.PM25.MC.M3,1998,25.466390397619
KOR,EN.ATM.PM25.MC.M3,1999,25.4731255210193
KOR,EN.ATM.PM25.MC.M3,2000,25.4379884924397
KOR,EN.ATM.PM25.MC.M3,2001,25.3445724763114
KOR,EN.ATM.PM25.MC.M3,2002,25.1965130774737
KOR,EN.ATM.PM25.MC.M3,2003,24.9988034168125
KOR,EN.ATM.PM25.MC.M3,2004,24.756436615214
KOR,EN.ATM.PM25.MC.M3,2005,24.4744057935641
KOR,EN.ATM.PM25.MC.M3,2006,23.9837806396341
KOR,EN.ATM.PM25.MC.M3,2007,23.2554477166084
KOR,EN.ATM.PM25.MC.M3,2008,22.504125458493
KOR,EN.ATM.PM25.MC.M3,2009,21.9445322992938
KOR,EN.ATM.PM25.MC.M3,2010,21.7913866730167
KOR,EN.ATM.PM25.MC.M3,2011,24.8830450375162
KOR,EN.ATM.PM25.MC.M3,2012,25.5767916080653
KOR,EN.ATM.PM25.MC.M3,2013,27.4929658439861
KOR,EN.ATM.PM25.MC.M3,2014,28.3760075385872
KOR,EN.ATM.PM25.MC.M3,2015,26.2899620146574
KOR,EN.ATM.PM25.MC.M3,2016,26.6704344134095
KOR,EN.ATM.PM25.MC.M3,2017,26.0043671138493
KOR,EN.ATM.PM25.MC.M3,2018,25.9343920098722
KOR,EN.ATM.PM25.MC.M3,2019,26.0153634264606
KOR,EN.ATM.PM25.MC.M3,2020,25.9439899531653
POL,EN.ATM.PM25.MC.M3,,
POL,EN.ATM.PM25.MC.M3,1990,31.5876683803797
POL,EN.ATM.PM25.MC.M3,1991,31.4691392967812
POL,EN.ATM.PM25.MC.M3,1992,31.2352136507982
POL,EN.ATM.PM25.MC.M3,1993,30.9073003488506
POL,EN.ATM.PM25.MC.M3,1994,30.5068082973579
POL,EN.ATM.PM25.MC.M3,1995,30.0551464027402
POL,EN.ATM.PM25.MC.M3,1996,29.2984918408884
POL,EN.ATM.PM25.MC.M3,1997,28.1787404942795
POL,EN.ATM.PM25.MC.M3,1998,27.0108793292126
POL,EN.ATM.PM25.MC.M3,1999,26.1098953119866
POL,EN.ATM.PM25.MC.M3,2000,25.7907754089004
POL,EN.ATM.PM25.MC.M3,2001,26.0449129857227
POL,EN.ATM.PM25.MC.M3,2002,26.5398574522192
POL,EN.ATM.PM25.MC.M3,2003,27.1048298406849
POL,EN.ATM.PM25.MC.M3,2004,27.5690511834146
POL,EN.ATM.PM25.MC.M3,2005,27.7617425127035
POL,EN.ATM.PM25.MC.M3,2006,27.7200391553045
POL,EN.ATM.PM25.MC.M3,2007,27.6048215747412
POL,EN.ATM.PM25.MC.M3,2008,27.4309285084638
POL,EN.ATM.PM25.MC.M3,2009,27.2131986939225
POL,EN.ATM.PM25.MC.M3,2010,26.9664708685675
POL,EN.ATM.PM25.MC.M3,2011,26.5458489052773
POL,EN.ATM.PM25.MC.M3,2012,24.1304928281428
POL,EN.ATM.PM25.MC.M3,2013,23.1892115212622
POL,EN.ATM.PM25.MC.M3,2014,23.433827803997
POL,EN.ATM.PM25.MC.M3,2015,22.4139830731908
POL,EN.ATM.PM25.MC.M3,2016,21.2485092459447
POL,EN.ATM.PM25.MC.M3,2017,22.2631718698092
POL,EN.ATM.PM25.MC.M3,2018,22.4094051941271
POL,EN.ATM.PM25.MC.M3,2019,18.7701954101512
POL,EN.ATM.PM25.MC.M3,2020,17.9583314936851
KOR,POL.RND_LOWCARB,1990,0
KOR,POL.RND_LOWCARB,1991,0
KOR,POL.RND_LOWCARB,1992,0
KOR,POL.RND_LOWCARB,1993,0
KOR,POL.RND_LOWCARB,1994,0
KOR,POL.RND_LOWCARB,1995,0
KOR,POL.RND_LOWCARB,1996,0
KOR,POL.RND_LOWCARB,1997,0
KOR,POL.RND_LOWCARB,1998,0
KOR,POL.RND_LOWCARB,1999,0
KOR,POL.RND_LOWCARB,2000,0
KOR,POL.RND_LOWCARB,2001,0
POL,POL.RND_LOWCARB,1990,0
POL,POL.RND_LOWCARB,1991,0
POL,POL.RND_LOWCARB,1992,0
POL,POL.RND_LOWCARB,1993,0
POL,POL.RND_LOWCARB,1994,0
POL,POL.RND_LOWCARB,1995,0
POL,POL.RND_LOWCARB,1996,0
POL,POL.RND_LOWCARB,1997,0
POL,POL.RND_LOWCARB,1998,0
POL,POL.RND_LOWCARB,1999,0
POL,POL.RND_LOWCARB,2000,0
POL,POL.RND_LOWCARB,2001,0
POL,POL.RND_LOWCARB,2002,0
POL,POL.RND_LOWCARB,2003,0
POL,POL.RND_LOWCARB,2004,0
POL,POL.RND_LOWCARB,2005,0
POL,POL.RND_LOWCARB,2006,0
POL,POL.RND_LOWCARB,2007,0
BRA,POL.RND_LOWCARB,1990,0
BRA,POL.RND_LOWCARB,1991,0
BRA,POL.RND_LOWCARB,1992,0
BRA,POL.RND_LOWCARB,1993,0
BRA,POL.RND_LOWCARB,1994,0
BRA,POL.RND_LOWCARB,1995,0
BRA,POL.RND_LOWCARB,1996,0
BRA,POL.RND_LOWCARB,1997,0
BRA,POL.RND_LOWCARB,1998,0
BRA,POL.RND_LOWCARB,1999,0
BRA,POL.RND_LOWCARB,2000,0
BRA,POL.RND_LOWCARB,2001,0
BRA,POL.RND_LOWCARB,2002,0
BRA,POL.RND_LOWCARB,2003,0
BRA,POL.RND_LOWCARB,2004,0
BRA,POL.RND_LOWCARB,2005,0
BRA,POL.RND_LOWCARB,2006,0
BRA,POL.RND_LOWCARB,2007,0
BRA,POL.RND_LOWCARB,2008,0
BRA,POL.RND_LOWCARB,2009,0
BRA,POL.RND_LOWCARB,2010,0
BRA,POL.RND_LOWCARB,2011,0
BRA,POL.RND_LOWCARB,2012,0
KOR,POL.RND_LOWCARB,2002,1
KOR,POL.RND_LOWCARB,2003,1
POL,POL.RND_LOWCARB,2008,1
POL,POL.RND_LOWCARB,2016,1
POL,POL.RND_LOWCARB,2017,1
POL,POL.RND_LOWCARB,2018,1
POL,POL.RND_LOWCARB,2019,1
POL,POL.RND_LOWCARB,2020,1
KOR,POL.RND_LOWCARB,2004,3
KOR,POL.RND_LOWCARB,2005,3
KOR,POL.RND_LOWCARB,2008,3
KOR,POL.RND_LOWCARB,2014,3
KOR,POL.RND_LOWCARB,2015,3
KOR,POL.RND_LOWCARB,2016,3
KOR,POL.RND_LOWCARB,2017,3
KOR,POL.RND_LOWCARB,2018,3
KOR,POL.RND_LOWCARB,2019,3
KOR,POL.RND_LOWCARB,2020,3
POL,POL.RND_LOWCARB,2010,3
POL,POL.RND_LOWCARB,2011,3
KOR,POL.RND_LOWCARB,2006,4
KOR,POL.RND_LOWCARB,2007,4
KOR,POL.RND_LOWCARB,2009,4
KOR,POL.RND_LOWCARB,2010,4
KOR,POL.RND_LOWCARB,2011,4
KOR,POL.RND_LOWCARB,2012,4
KOR,POL.RND_LOWCARB,2013,4
POL,POL.RND_LOWCARB,2009,2
POL,POL.RND_LOWCARB,2012,2
POL,POL.RND_LOWCARB,2013,2
POL,POL.RND_LOWCARB,2014,2
POL,POL.RND_LOWCARB,2015,2
BRA,POL.RND_LOWCARB,2013,2
BRA,POL.RND_LOWCARB,2014,2
BRA,POL.RND_LOWCARB,2015,2
BRA,POL.RND_LOWCARB,2016,2
BRA,POL.RND_LOWCARB,2017,2
BRA,POL.RND_LOWCARB,2018,2
BRA,POL.RND_LOWCARB,2019,2
BRA,POL.RND_LOWCARB,2020,2
KOR,POL.MARKET,1990,0
KOR,POL.MARKET,1991,0
KOR,POL.MARKET,1992,0
KOR,POL.MARKET,1993,0
KOR,POL.MARKET,1994,0
KOR,POL.MARKET,1995,0
KOR,POL.MARKET,1996,0
KOR,POL.MARKET,1997,0
KOR,POL.MARKET,1998,0
KOR,POL.MARKET,1999,0
BRA,POL.MARKET,1990,0
BRA,POL.MARKET,1991,0
BRA,POL.MARKET,1992,0
BRA,POL.MARKET,1993,0
BRA,POL.MARKET,1994,0
BRA,POL.MARKET,2011,0
BRA,POL.MARKET,2012,0
BRA,POL.MARKET,2013,0
BRA,POL.MARKET,2014,0
POL,POL.MARKET,1995,1
POL,POL.MARKET,1996,1
POL,POL.MARKET,1997,1
BRA,POL.MARKET,2002,1
POL,POL.MARKET,2019,3
KOR,POL.MARKET,2016,2
KOR,POL.MARKET,2017,2
POL,POL.MARKET,2007,2
POL,POL.MARKET,1993,0.66666669
POL,POL.MARKET,1994,0.66666669
KOR,POL.MARKET,2000,0.16666667
KOR,POL.MARKET,2001,0.16666667
BRA,POL.MARKET,1995,0.16666667
BRA,POL.MARKET,1996,0.16666667
BRA,POL.MARKET,1997,0.16666667
BRA,POL.MARKET,1998,0.16666667
BRA,POL.MARKET,1999,0.16666667
BRA,POL.MARKET,2000,0.16666667
BRA,POL.MARKET,2004,0.16666667
BRA,POL.MARKET,2005,0.16666667
BRA,POL.MARKET,2006,0.16666667
BRA,POL.MARKET,2007,0.16666667
BRA,POL.MARKET,2008,0.16666667
BRA,POL.MARKET,2009,0.16666667
BRA,POL.MARKET,2010,0.16666667
BRA,POL.MARKET,2015,0.16666667
BRA,POL.MARKET,2016,0.16666667
BRA,POL.MARKET,2017,0.16666667
BRA,POL.MARKET,2018,0.16666667
BRA,POL.MARKET,2019,0.16666667
BRA,POL.MARKET,2020,0.16666667
KOR,POL.MARKET,2002,1.1666666
KOR,POL.MARKET,2003,1.1666666
KOR,POL.MARKET,2004,1.1666666
KOR,POL.MARKET,2005,1.1666666
KOR,POL.MARKET,2006,1.1666666
KOR,POL.MARKET,2007,1.1666666
KOR,POL.MARKET,2008,1.1666666
KOR,POL.MARKET,2009,1.1666666
KOR,POL.MARKET,2010,1.1666666
POL,POL.MARKET,1998,1.1666666
POL,POL.MARKET,1999,1.1666666
POL,POL.MARKET,2000,1.1666666
POL,POL.MARKET,1990,0.5
POL,POL.MARKET,1992,0.5
BRA,POL.MARKET,2003,0.5
BRA,POL.MARKET,2001,0.33333334
KOR,POL.MARKET,2011,1.3333334
KOR,POL.MARKET,2012,1.5
KOR,POL.MARKET,2013,1.5
KOR,POL.MARKET,2014,1.5
KOR,POL.MARKET,2015,1.8333334
KOR,POL.MARKET,2018,2.3333333
KOR,POL.MARKET,2019,2.5
KOR,POL.MARKET,2020,2.5
POL,POL.MARKET,1991,0.33333334
POL,POL.MARKET,2001,1.3333334
POL,POL.MARKET,2002,1.3333334
POL,POL.MARKET,2003,1.3333334
POL,POL.MARKET,2004,1.5
POL,POL.MARKET,2005,1.5
POL,POL.MARKET,2006,2.3333333
POL,POL.MARKET,2008,2.5
POL,POL.MARKET,2009,2.3333333
POL,POL.MARKET,2010,2.3333333
POL,POL.MARKET,2011,2.5
POL,POL.MARKET,2012,2.1666667
POL,POL.MARKET,2013,2.1666667
POL,POL.MARKET,2014,2.3333333
POL,POL.MARKET,2015,2.3333333
POL,POL.MARKET,2016,2.5
POL,POL.MARKET,2017,2.6666667
POL,POL.MARKET,2018,2.6666667
POL,POL.MARKET,2020,3.1666667
KOR,POL.NOX,1990,0
KOR,POL.NOX,1991,0
KOR,POL.NOX,1992,0
KOR,POL.NOX,1993,0
KOR,POL.NOX,1994,0
KOR,POL.NOX,1995,0
KOR,POL.NOX,1996,0
KOR,POL.NOX,1997,0
KOR,POL.NOX,1998,0
KOR,POL.NOX,1999,0
KOR,POL.NOX,2000,0
KOR,POL.NOX,2001,0
KOR,POL.NOX,2002,0
KOR,POL.NOX,2003,0
KOR,POL.NOX,2004,0
KOR,POL.NOX,2005,0
KOR,POL.NOX,2006,0
KOR,POL.NOX,2007,0
KOR,POL.NOX,2008,0
KOR,POL.NOX,2009,0
KOR,POL.NOX,2010,0
KOR,POL.NOX,2011,0
KOR,POL.NOX,2012,0
KOR,POL.NOX,2013,0
KOR,POL.NOX,2014,0
KOR,POL.NOX,2015,0
KOR,POL.NOX,2016,0
KOR,POL.NOX,2017,0
KOR,POL.NOX,2018,0
KOR,POL.NOX,2019,0
KOR,POL.NOX,2020,0
POL,POL.NOX,1990,0
POL,POL.NOX,1991,0
POL,POL.NOX,1992,0
POL,POL.NOX,1993,0
POL,POL.NOX,1994,0
BRA,POL.NOX,1990,0
BRA,POL.NOX,1991,0
BRA,POL.NOX,1992,0
BRA,POL.NOX,1993,0
BRA,POL.NOX,1994,0
BRA,POL.NOX,1995,0
BRA,POL.NOX,1996,0
BRA,POL.NOX,1997,0
BRA,POL.NOX,1998,0
BRA,POL.NOX,1999,0
BRA,POL.NOX,2000,0
BRA,POL.NOX,2001,0
BRA,POL.NOX,2002,0
BRA,POL.NOX,2003,0
BRA,POL.NOX,2004,0
BRA,POL.NOX,2005,0
BRA,POL.NOX,2006,0
BRA,POL.NOX,2007,0
BRA,POL.NOX,2008,0
BRA,POL.NOX,2009,0
BRA,POL.NOX,2010,0
BRA,POL.NOX,2011,0
BRA,POL.NOX,2012,0
BRA,POL.NOX,2013,0
BRA,POL.NOX,2014,0
BRA,POL.NOX,2015,0
BRA,POL.NOX,2016,0
BRA,POL.NOX,2017,0
BRA,POL.NOX,2018,0
BRA,POL.NOX,2019,0
BRA,POL.NOX,2020,0
POL,POL.NOX,1995,1
POL,POL.NOX,1996,1
POL,POL.NOX,1997,1
POL,POL.NOX,1998,1
POL,POL.NOX,1999,1
POL,POL.NOX,2000,1
POL,POL.NOX,2006,3
POL,POL.NOX,2007,3
POL,POL.NOX,2008,3
POL,POL.NOX,2009,3
POL,POL.NOX,2010,3
POL,POL.NOX,2011,3
POL,POL.NOX,2012,3
POL,POL.NOX,2013,3
POL,POL.NOX,2014,3
POL,POL.NOX,2017,3
POL,POL.NOX,2018,3
POL,POL.NOX,2019,3
POL,POL.NOX,2020,3
POL,POL.NOX,2001,2
POL,POL.NOX,2002,2
POL,POL.NOX,2003,2
POL,POL.NOX,2004,2
POL,POL.NOX,2005,2
POL,POL.NOX,2015,2
POL,POL.NOX,2016,2
KOR,POL.NONMARK,1991,1
KOR,POL.NONMARK,1992,1
KOR,POL.NONMARK,1993,1
KOR,POL.NONMARK,1994,1
KOR,POL.NONMARK,1995,1
POL,POL.NONMARK,2009,5
POL,POL.NONMARK,2010,5
POL,POL.NONMARK,2011,5
POL,POL.NONMARK,2012,5
KOR,POL.NONMARK,1996,2.25
KOR,POL.NONMARK,1997,2.25
KOR,POL.NONMARK,1998,2.25
KOR,POL.NONMARK,2004,2.75
KOR,POL.NONMARK,2005,5.25
KOR,POL.NONMARK,2006,5.25
KOR,POL.NONMARK,2007,5.25
KOR,POL.NONMARK,2008,5.25
POL,POL.NONMARK,1990,1.25
POL,POL.NONMARK,1991,1.25
POL,POL.NONMARK,1992,1.25
POL,POL.NONMARK,1993,1.25
POL,POL.NONMARK,1994,1.25
POL,POL.NONMARK,1995,1.25
POL,POL.NONMARK,1996,1.25
POL,POL.NONMARK,1997,1.25
POL,POL.NONMARK,1998,1.25
POL,POL.NONMARK,1999,1.25
POL,POL.NONMARK,2000,2.25
BRA,POL.NONMARK,1990,0.5
BRA,POL.NONMARK,1991,0.5
BRA,POL.NONMARK,1992,0.5
BRA,POL.NONMARK,1993,0.5
BRA,POL.NONMARK,1994,0.5
BRA,POL.NONMARK,1995,0.5
BRA,POL.NONMARK,1996,0.5
BRA,POL.NONMARK,1997,0.5
BRA,POL.NONMARK,1998,0.5
BRA,POL.NONMARK,1999,0.5
BRA,POL.NONMARK,2000,0.5
BRA,POL.NONMARK,2001,0.5
BRA,POL.NONMARK,2002,0.5
BRA,POL.NONMARK,2003,0.5
BRA,POL.NONMARK,2004,0.5
BRA,POL.NONMARK,2005,0.5
BRA,POL.NONMARK,2006,0.5
BRA,POL.NONMARK,2007,0.5
BRA,POL.NONMARK,2008,0.5
BRA,POL.NONMARK,2009,0.5
BRA,POL.NONMARK,2010,0.5
BRA,POL.NONMARK,2011,0.5
BRA,POL.NONMARK,2012,0.75
BRA,POL.NONMARK,2013,0.75
BRA,POL.NONMARK,2014,0.75
BRA,POL.NONMARK,2015,0.75
KOR,POL.NONMARK,1990,0.25
KOR,POL.NONMARK,1999,2.5
KOR,POL.NONMARK,2000,2.5
KOR,POL.NONMARK,2001,2.5
KOR,POL.NONMARK,2002,2.5
KOR,POL.NONMARK,2003,2.5
POL,POL.NONMARK,2001,2.5
POL,POL.NONMARK,2002,2.5
POL,POL.NONMARK,2003,2.5
POL,POL.NONMARK,2004,2.5
POL,POL.NONMARK,2005,4.75
POL,POL.NONMARK,2006,4.75
POL,POL.NONMARK,2007,4.75
POL,POL.NONMARK,2008,4.75
BRA,POL.NONMARK,2016,1.5
BRA,POL.NONMARK,2017,1.5
BRA,POL.NONMARK,2018,1.5
BRA,POL.NONMARK,2019,1.5
BRA,POL.NONMARK,2020,1.5
KOR,POL.NONMARK,2009,5.5
KOR,POL.NONMARK,2010,5.5
KOR,POL.NONMARK,2011,5.5
KOR,POL.NONMARK,2012,5.5
KOR,POL.NONMARK,2013,5.5
KOR,POL.NONMARK,2014,5.5
KOR,POL.NONMARK,2015,5.5
KOR,POL.NONMARK,2016,5.5
KOR,POL.NONMARK,2017,5.5
KOR,POL.NONMARK,2018,5.5
KOR,POL.NONMARK,2019,5.5
KOR,POL.NONMARK,2020,5.5
POL,POL.NONMARK,2013,5.5
POL,POL.NONMARK,2014,5.5
POL,POL.NONMARK,2015,5.5
POL,POL.NONMARK,2016,5.5
POL,POL.NONMARK,2017,5.5
POL,POL.NONMARK,2018,5.5
POL,POL.NONMARK,2019,5.5
POL,POL.NONMARK,2020,5.5
KOR,NY.GDP.MKTP.CD,1960,3958811881.18812
KOR,NY.GDP.MKTP.CD,1961,2417628736.52655
KOR,NY.GDP.MKTP.CD,1962,2814615384.61538
KOR,NY.GDP.MKTP.CD,1963,3988461538.46154
KOR,NY.GDP.MKTP.CD,1964,3459019942.79079
KOR,NY.GDP.MKTP.CD,1965,3120861498.91442
KOR,NY.GDP.MKTP.CD,1966,3929055143.5021
KOR,NY.GDP.MKTP.CD,1967,4855892445.82682
KOR,NY.GDP.MKTP.CD,1968,6119394892.37109
KOR,NY.GDP.MKTP.CD,1969,7678698837.59346
KOR,NY.GDP.MKTP.CD,1970,9005144969.11666
KOR,NY.GDP.MKTP.CD,1971,9903571248.53268
KOR,NY.GDP.MKTP.CD,1972,10862211760.8252
KOR,NY.GDP.MKTP.CD,1973,13876472208.2678
KOR,NY.GDP.MKTP.CD,1974,19543973941.3681
KOR,NY.GDP.MKTP.CD,1975,21784297520.6612
KOR,NY.GDP.MKTP.CD,1976,29902479338.843
KOR,NY.GDP.MKTP.CD,1977,38446487603.3058
KOR,NY.GDP.MKTP.CD,1978,51972107438.0165
KOR,NY.GDP.MKTP.CD,1979,66946900826.4463
KOR,NY.GDP.MKTP.CD,1980,65398377597.5108
KOR,NY.GDP.MKTP.CD,1981,72933533011.7706
KOR,NY.GDP.MKTP.CD,1982,78358416171.4889
KOR,NY.GDP.MKTP.CD,1983,87760553261.9279
KOR,NY.GDP.MKTP.CD,1984,97510744119.1162
KOR,NY.GDP.MKTP.CD,1985,101296177099.377
KOR,NY.GDP.MKTP.CD,1986,116836246284.832
KOR,NY.GDP.MKTP.CD,1987,147948709376.434
KOR,NY.GDP.MKTP.CD,1988,199591287824.777
KOR,NY.GDP.MKTP.CD,1989,246928837311.406
KOR,NY.GDP.MKTP.CD,1990,283365844161.092
KOR,NY.GDP.MKTP.CD,1991,330647042837.334
KOR,NY.GDP.MKTP.CD,1992,355524903068.056
KOR,NY.GDP.MKTP.CD,1993,392665710525.411
KOR,NY.GDP.MKTP.CD,1994,463619823515.164
KOR,NY.GDP.MKTP.CD,1995,566581003128.204
KOR,NY.GDP.MKTP.CD,1996,610167053824.007
KOR,NY.GDP.MKTP.CD,1997,569755022973.035
KOR,NY.GDP.MKTP.CD,1998,383331833681.821
KOR,NY.GDP.MKTP.CD,1999,497514040642.262
KOR,NY.GDP.MKTP.CD,2000,576179387819.613
KOR,NY.GDP.MKTP.CD,2001,547656279894.587
KOR,NY.GDP.MKTP.CD,2002,627246933729.618
KOR,NY.GDP.MKTP.CD,2003,702714855193.904
KOR,NY.GDP.MKTP.CD,2004,793175561887.027
KOR,NY.GDP.MKTP.CD,2005,934901071332.984
KOR,NY.GDP.MKTP.CD,2006,1053216909887.56
KOR,NY.GDP.MKTP.CD,2007,1172614086539.86
KOR,NY.GDP.MKTP.CD,2008,1047339010225.25
KOR,NY.GDP.MKTP.CD,2009,943941876218.743
KOR,NY.GDP.MKTP.CD,2010,1143672241149.72
KOR,NY.GDP.MKTP.CD,2011,1253289537500.81
KOR,NY.GDP.MKTP.CD,2012,1278046536287.01
KOR,NY.GDP.MKTP.CD,2013,1370632955321.2
KOR,NY.GDP.MKTP.CD,2014,1484488526271.8
KOR,NY.GDP.MKTP.CD,2015,1466038936206.43
KOR,NY.GDP.MKTP.CD,2016,1499679823909.61
KOR,NY.GDP.MKTP.CD,2017,1623074183501.9
KOR,NY.GDP.MKTP.CD,2018,1725373496825.43
KOR,NY.GDP.MKTP.CD,2019,1651422932447.77
KOR,NY.GDP.MKTP.CD,2020,1644312831906.17
KOR,NY.GDP.MKTP.CD,2021,1818432106880.04
KOR,NY.GDP.MKTP.CD,2022,1673916511799.71
KOR,NY.GDP.MKTP.CD,2023,1712792854202.37
POL,NY.GDP.MKTP.CD,1990,65977748210.5263
POL,NY.GDP.MKTP.CD,1991,85500935934.9901
POL,NY.GDP.MKTP.CD,1992,94337050693.2727
POL,NY.GDP.MKTP.CD,1993,96043157272.862
POL,NY.GDP.MKTP.CD,1994,110803635287.621
POL,NY.GDP.MKTP.CD,1995,142838527115.448
POL,NY.GDP.MKTP.CD,1996,160813026223.063
POL,NY.GDP.MKTP.CD,1997,159893964916.817
POL,NY.GDP.MKTP.CD,1998,175282269666.801
POL,NY.GDP.MKTP.CD,1999,170704452714.673
POL,NY.GDP.MKTP.CD,2000,172953527033.013
POL,NY.GDP.MKTP.CD,2001,191823200371.284
POL,NY.GDP.MKTP.CD,2002,199694463255.567
POL,NY.GDP.MKTP.CD,2003,218561225998.47
POL,NY.GDP.MKTP.CD,2004,256268656145.134
POL,NY.GDP.MKTP.CD,2005,306999913150.525
POL,NY.GDP.MKTP.CD,2006,345897630736.173
POL,NY.GDP.MKTP.CD,2007,429715132137.503
POL,NY.GDP.MKTP.CD,2008,535612030671.888
POL,NY.GDP.MKTP.CD,2009,440891472247.096
POL,NY.GDP.MKTP.CD,2010,478111630683.514
POL,NY.GDP.MKTP.CD,2011,527848543023.469
POL,NY.GDP.MKTP.CD,2012,498148649702.66
POL,NY.GDP.MKTP.CD,2013,518179836405.36
POL,NY.GDP.MKTP.CD,2014,542134167178.627
POL,NY.GDP.MKTP.CD,2015,480054118583.367
POL,NY.GDP.MKTP.CD,2016,473259623976.262
POL,NY.GDP.MKTP.CD,2017,528356723263.073
POL,NY.GDP.MKTP.CD,2018,594616632477.019
POL,NY.GDP.MKTP.CD,2019,602683770144.88
POL,NY.GDP.MKTP.CD,2020,605914186117.953
POL,NY.GDP.MKTP.CD,2021,689170171187.004
POL,NY.GDP.MKTP.CD,2022,695607522884.822
POL,NY.GDP.MKTP.CD,2023,812451128978.58
POL,NY.GDP.MKTP.CD,2024,914696430325.391
BRA,NY.GDP.MKTP.CD,1960,17030465539.3906
BRA,NY.GDP.MKTP.CD,1961,17275940449.3837
BRA,NY.GDP.MKTP.CD,1962,19231747851.5332
BRA,NY.GDP.MKTP.CD,1963,23287712878.2002
BRA,NY.GDP.MKTP.CD,1964,20963733694.9749
BRA,NY.GDP.MKTP.CD,1965,22465522884.0988
BRA,NY.GDP.MKTP.CD,1966,28283323733.1114
BRA,NY.GDP.MKTP.CD,1967,31086389194.961
BRA,NY.GDP.MKTP.CD,1968,33930457425.2613
BRA,NY.GDP.MKTP.CD,1969,37171640818.5863
BRA,NY.GDP.MKTP.CD,1970,42327664793.6934
BRA,NY.GDP.MKTP.CD,1971,48869830901.7878
BRA,NY.GDP.MKTP.CD,1972,58434858374.8696
BRA,NY.GDP.MKTP.CD,1973,83592275862.9982
BRA,NY.GDP.MKTP.CD,1974,109794519727.538
BRA,NY.GDP.MKTP.CD,1975,129203555238.827
BRA,NY.GDP.MKTP.CD,1976,153168949208.207
BRA,NY.GDP.MKTP.CD,1977,176344101401.941
BRA,NY.GDP.MKTP.CD,1978,200278646123.581
BRA,NY.GDP.MKTP.CD,1979,221338204480.222
BRA,NY.GDP.MKTP.CD,1980,237393489892.637
BRA,NY.GDP.MKTP.CD,1981,258015174748.648
BRA,NY.GDP.MKTP.CD,1982,271314113768.417
BRA,NY.GDP.MKTP.CD,1983,189656506321.431
BRA,NY.GDP.MKTP.CD,1984,188339974086.58
BRA,NY.GDP.MKTP.CD,1985,210879844638.877
BRA,NY.GDP.MKTP.CD,1986,256480852471.129
BRA,NY.GDP.MKTP.CD,1987,283056836893.838
BRA,NY.GDP.MKTP.CD,1988,307881930752.268
BRA,NY.GDP.MKTP.CD,1989,412990820287.42
BRA,NY.GDP.MKTP.CD,1990,384959818181.817
BRA,NY.GDP.MKTP.CD,1991,342534090909.091
BRA,NY.GDP.MKTP.CD,1992,328191909882.232
BRA,NY.GDP.MKTP.CD,1993,368292034380.96
BRA,NY.GDP.MKTP.CD,1994,525369467295.737
BRA,NY.GDP.MKTP.CD,1995,769333050986.905
BRA,NY.GDP.MKTP.CD,1996,850426432991.742
BRA,NY.GDP.MKTP.CD,1997,883206179730.462
BRA,NY.GDP.MKTP.CD,1998,863710759256.435
BRA,NY.GDP.MKTP.CD,1999,599642024319.531
BRA,NY.GDP.MKTP.CD,2000,655448231983.527
BRA,NY.GDP.MKTP.CD,2001,559983634798.981
BRA,NY.GDP.MKTP.CD,2002,509795273806.715
BRA,NY.GDP.MKTP.CD,2003,558233745651.874
BRA,NY.GDP.MKTP.CD,2004,669289424806.307
BRA,NY.GDP.MKTP.CD,2005,891633839894.183
BRA,NY.GDP.MKTP.CD,2006,1107626541434.92
BRA,NY.GDP.MKTP.CD,2007,1397114486368.67
BRA,NY.GDP.MKTP.CD,2008,1695855083497.52
BRA,NY.GDP.MKTP.CD,2009,1666996438581.43
BRA,NY.GDP.MKTP.CD,2010,2208837745100.55
BRA,NY.GDP.MKTP.CD,2011,2616156223917.69
BRA,NY.GDP.MKTP.CD,2012,2465227802806.76
BRA,NY.GDP.MKTP.CD,2013,2472819535557.21
BRA,NY.GDP.MKTP.CD,2014,2456043727198.85
BRA,NY.GDP.MKTP.CD,2015,1802212206814.5
BRA,NY.GDP.MKTP.CD,2016,1795693482853.01
BRA,NY.GDP.MKTP.CD,2017,2063514977365.65
BRA,NY.GDP.MKTP.CD,2018,1916933898010.99
BRA,NY.GDP.MKTP.CD,2019,1873288205059.69
BRA,NY.GDP.MKTP.CD,2020,1476107231310.49
BRA,NY.GDP.MKTP.CD,2021,1670647398904.9
BRA,NY.GDP.MKTP.CD,2022,1951923942083.32
BRA,NY.GDP.MKTP.CD,2023,2191131765684.63
BRA,NY.GDP.MKTP.CD,2024,2179412080828.59
KOR,POL.RETR,1990,0
KOR,POL.RETR,1991,0
KOR,POL.RETR,1992,0
KOR,POL.RETR,1993,0
KOR,POL.RETR,1994,0
KOR,POL.RETR,1995,0
KOR,POL.RETR,1996,0
KOR,POL.RETR,1997,0
KOR,POL.RETR,1998,0
KOR,POL.RETR,1999,0
KOR,POL.RETR,2000,0
KOR,POL.RETR,2001,0
KOR,POL.RETR,2002,0
KOR,POL.RETR,2003,0
KOR,POL.RETR,2004,0
KOR,POL.RETR,2005,0
KOR,POL.RETR,2006,0
KOR,POL.RETR,2007,0
KOR,POL.RETR,2008,0
KOR,POL.RETR,2009,0
KOR,POL.RETR,2010,0
KOR,POL.RETR,2011,0
POL,POL.RETR,1990,0
POL,POL.RETR,1991,0
POL,POL.RETR,1992,0
POL,POL.RETR,1993,0
POL,POL.RETR,1994,0
POL,POL.RETR,1995,0
POL,POL.RETR,1996,0
POL,POL.RETR,1997,0
POL,POL.RETR,1998,0
POL,POL.RETR,1999,0
POL,POL.RETR,2000,0
POL,POL.RETR,2001,0
POL,POL.RETR,2002,0
POL,POL.RETR,2003,0
POL,POL.RETR,2004,0
BRA,POL.RETR,1990,0
BRA,POL.RETR,1991,0
BRA,POL.RETR,1992,0
BRA,POL.RETR,1993,0
BRA,POL.RETR,1994,0
BRA,POL.RETR,1995,0
BRA,POL.RETR,1996,0
BRA,POL.RETR,1997,0
BRA,POL.RETR,1998,0
BRA,POL.RETR,1999,0
BRA,POL.RETR,2000,0
BRA,POL.RETR,2001,0
BRA,POL.RETR,2002,0
BRA,POL.RETR,2003,0
BRA,POL.RETR,2004,0
BRA,POL.RETR,2005,0
BRA,POL.RETR,2006,0
BRA,POL.RETR,2007,0
BRA,POL.RETR,2008,0
BRA,POL.RETR,2009,0
BRA,POL.RETR,2010,0
BRA,POL.RETR,2011,0
BRA,POL.RETR,2012,0
BRA,POL.RETR,2013,0
BRA,POL.RETR,2014,0
BRA,POL.RETR,2015,0
BRA,POL.RETR,2016,0
BRA,POL.RETR,2017,0
BRA,POL.RETR,2018,0
BRA,POL.RETR,2019,0
BRA,POL.RETR,2020,0
KOR,POL.RETR,2012,1
KOR,POL.RETR,2013,1
KOR,POL.RETR,2014,1
KOR,POL.RETR,2015,1
KOR,POL.RETR,2016,1
KOR,POL.RETR,2017,1
POL,POL.RETR,2005,1
POL,POL.RETR,2006,1
POL,POL.RETR,2016,5
POL,POL.RETR,2017,5
POL,POL.RETR,2018,5
POL,POL.RETR,2019,6
POL,POL.RETR,2020,6
POL,POL.RETR,2009,3
POL,POL.RETR,2010,3
POL,POL.RETR,2011,3
POL,POL.RETR,2012,3
POL,POL.RETR,2013,3
POL,POL.RETR,2014,4
POL,POL.RETR,2015,4
KOR,POL.RETR,2018,2
KOR,POL.RETR,2019,2
KOR,POL.RETR,2020,2
POL,POL.RETR,2007,2
POL,POL.RETR,2008,2
KOR,POL.SOLAR,1990,0
KOR,POL.SOLAR,1991,0
KOR,POL.SOLAR,1992,0
KOR,POL.SOLAR,1993,0
KOR,POL.SOLAR,1994,0
KOR,POL.SOLAR,1995,0
KOR,POL.SOLAR,1996,0
KOR,POL.SOLAR,1997,0
KOR,POL.SOLAR,1998,0
KOR,POL.SOLAR,1999,0
KOR,POL.SOLAR,2000,0
KOR,POL.SOLAR,2001,0
KOR,POL.SOLAR,2002,0
KOR,POL.SOLAR,2012,0
KOR,POL.SOLAR,2013,0
KOR,POL.SOLAR,2014,0
KOR,POL.SOLAR,2015,0
KOR,POL.SOLAR,2016,0
KOR,POL.SOLAR,2017,0
KOR,POL.SOLAR,2018,0
KOR,POL.SOLAR,2019,0
KOR,POL.SOLAR,2020,0
POL,POL.SOLAR,1990,0
POL,POL.SOLAR,1991,0
POL,POL.SOLAR,1992,0
POL,POL.SOLAR,1993,0
POL,POL.SOLAR,1994,0
POL,POL.SOLAR,1995,0
POL,POL.SOLAR,1996,0
POL,POL.SOLAR,1997,0
POL,POL.SOLAR,1998,0
POL,POL.SOLAR,1999,0
POL,POL.SOLAR,2000,0
POL,POL.SOLAR,2001,0
POL,POL.SOLAR,2002,0
POL,POL.SOLAR,2003,0
POL,POL.SOLAR,2004,0
POL,POL.SOLAR,2005,0
POL,POL.SOLAR,2006,0
POL,POL.SOLAR,2007,0
POL,POL.SOLAR,2008,0
POL,POL.SOLAR,2009,0
POL,POL.SOLAR,2010,0
POL,POL.SOLAR,2011,0
POL,POL.SOLAR,2012,0
POL,POL.SOLAR,2013,0
POL,POL.SOLAR,2014,0
POL,POL.SOLAR,2015,0
POL,POL.SOLAR,2016,0
POL,POL.SOLAR,2017,0
POL,POL.SOLAR,2018,0
BRA,POL.SOLAR,1990,0
BRA,POL.SOLAR,1991,0
BRA,POL.SOLAR,1992,0
BRA,POL.SOLAR,1993,0
BRA,POL.SOLAR,1994,0
BRA,POL.SOLAR,1995,0
BRA,POL.SOLAR,1996,0
BRA,POL.SOLAR,1997,0
BRA,POL.SOLAR,1998,0
BRA,POL.SOLAR,1999,0
BRA,POL.SOLAR,2000,0
BRA,POL.SOLAR,2001,0
BRA,POL.SOLAR,2002,0
BRA,POL.SOLAR,2003,0
BRA,POL.SOLAR,2004,0
BRA,POL.SOLAR,2005,0
BRA,POL.SOLAR,2006,0
BRA,POL.SOLAR,2007,0
BRA,POL.SOLAR,2008,0
BRA,POL.SOLAR,2009,0
BRA,POL.SOLAR,2010,0
BRA,POL.SOLAR,2011,0
BRA,POL.SOLAR,2012,0
BRA,POL.SOLAR,2013,0
BRA,POL.SOLAR,2014,0
BRA,POL.SOLAR,2015,0
BRA,POL.SOLAR,2016,0
BRA,POL.SOLAR,2017,0
BRA,POL.SOLAR,2018,0
BRA,POL.SOLAR,2019,0
BRA,POL.SOLAR,2020,0
KOR,POL.SOLAR,2011,5
KOR,POL.SOLAR,2003,3
KOR,POL.SOLAR,2004,3
KOR,POL.SOLAR,2005,3
KOR,POL.SOLAR,2006,3
KOR,POL.SOLAR,2007,3
KOR,POL.SOLAR,2008,3
KOR,POL.SOLAR,2009,3
POL,POL.SOLAR,2019,3
POL,POL.SOLAR,2020,3
KOR,POL.SOLAR,2010,4
KOR,POL.SOX,1990,0
KOR,POL.SOX,1991,0
KOR,POL.SOX,1992,0
KOR,POL.SOX,1993,0
KOR,POL.SOX,1994,0
KOR,POL.SOX,1995,0
KOR,POL.SOX,1996,0
KOR,POL.SOX,1997,0
KOR,POL.SOX,1998,0
KOR,POL.SOX,1999,0
KOR,POL.SOX,2000,0
KOR,POL.SOX,2001,0
POL,POL.SOX,1990,0
POL,POL.SOX,1991,0
POL,POL.SOX,1992,0
POL,POL.SOX,1993,0
POL,POL.SOX,1994,0
BRA,POL.SOX,1990,0
BRA,POL.SOX,1991,0
BRA,POL.SOX,1992,0
BRA,POL.SOX,1993,0
BRA,POL.SOX,1994,0
BRA,POL.SOX,1995,0
BRA,POL.SOX,1996,0
BRA,POL.SOX,1997,0
BRA,POL.SOX,1998,0
BRA,POL.SOX,1999,0
BRA,POL.SOX,2000,0
BRA,POL.SOX,2001,0
BRA,POL.SOX,2002,0
BRA,POL.SOX,2003,0
BRA,POL.SOX,2004,0
BRA,POL.SOX,2005,0
BRA,POL.SOX,2006,0
BRA,POL.SOX,2007,0
BRA,POL.SOX,2008,0
BRA,POL.SOX,2009,0
BRA,POL.SOX,2010,0
BRA,POL.SOX,2011,0
BRA,POL.SOX,2012,0
BRA,POL.SOX,2013,0
BRA,POL.SOX,2014,0
BRA,POL.SOX,2015,0
BRA,POL.SOX,2016,0
BRA,POL.SOX,2017,0
BRA,POL.SOX,2018,0
BRA,POL.SOX,2019,0
BRA,POL.SOX,2020,0
POL,POL.SOX,1995,1
POL,POL.SOX,1996,1
POL,POL.SOX,1997,1
POL,POL.SOX,1998,1
POL,POL.SOX,1999,1
POL,POL.SOX,2000,1
POL,POL.SOX,2001,1
POL,POL.SOX,2002,1
POL,POL.SOX,2003,1
KOR,POL.SOX,2002,6
KOR,POL.SOX,2003,6
KOR,POL.SOX,2004,6
KOR,POL.SOX,2005,6
KOR,POL.SOX,2006,6
KOR,POL.SOX,2007,6
KOR,POL.SOX,2008,6
KOR,POL.SOX,2009,6
KOR,POL.SOX,2010,6
KOR,POL.SOX,2011,6
KOR,POL.SOX,2012,6
KOR,POL.SOX,2013,6
KOR,POL.SOX,2014,6
KOR,POL.SOX,2015,6
KOR,POL.SOX,2016,6
KOR,POL.SOX,2017,6
KOR,POL.SOX,2018,6
KOR,POL.SOX,2019,6
KOR,POL.SOX,2020,6
POL,POL.SOX,2004,2
POL,POL.SOX,2005,2
POL,POL.SOX,2006,2
POL,POL.SOX,2007,2
POL,POL.SOX,2008,2
POL,POL.SOX,2009,2
POL,POL.SOX,2010,2
POL,POL.SOX,2011,2
POL,POL.SOX,2012,2
POL,POL.SOX,2013,2
POL,POL.SOX,2014,2
POL,POL.SOX,2015,2
POL,POL.SOX,2016,2
POL,POL.SOX,2017,2
POL,POL.SOX,2018,2
POL,POL.SOX,2019,2
POL,POL.SOX,2020,2
KOR,POL.TECH,1990,0
KOR,POL.TECH,1991,0
KOR,POL.TECH,1992,0
KOR,POL.TECH,1993,0
KOR,POL.TECH,1994,0
KOR,POL.TECH,1995,0
KOR,POL.TECH,1996,0
KOR,POL.TECH,1997,0
KOR,POL.TECH,1998,0
KOR,POL.TECH,1999,0
KOR,POL.TECH,2000,0
KOR,POL.TECH,2001,0
POL,POL.TECH,1990,0
POL,POL.TECH,1991,0
POL,POL.TECH,1992,0
POL,POL.TECH,1993,0
POL,POL.TECH,1994,0
POL,POL.TECH,1995,0
POL,POL.TECH,1996,0
POL,POL.TECH,1997,0
POL,POL.TECH,1998,0
POL,POL.TECH,1999,0
POL,POL.TECH,2000,0
POL,POL.TECH,2001,0
POL,POL.TECH,2002,0
POL,POL.TECH,2003,0
POL,POL.TECH,2004,0
POL,POL.TECH,2005,0
POL,POL.TECH,2006,0
POL,POL.TECH,2007,0
BRA,POL.TECH,1990,0
BRA,POL.TECH,1991,0
BRA,POL.TECH,1992,0
BRA,POL.TECH,1993,0
BRA,POL.TECH,1994,0
BRA,POL.TECH,1995,0
BRA,POL.TECH,1996,0
BRA,POL.TECH,1997,0
BRA,POL.TECH,1998,0
BRA,POL.TECH,1999,0
BRA,POL.TECH,2000,0
BRA,POL.TECH,2001,0
BRA,POL.TECH,2007,0
BRA,POL.TECH,2008,0
BRA,POL.TECH,2009,0
BRA,POL.TECH,2010,0
BRA,POL.TECH,2011,0
BRA,POL.TECH,2012,0
POL,POL.TECH,2009,1
POL,POL.TECH,2012,1
POL,POL.TECH,2013,1
POL,POL.TECH,2014,1
POL,POL.TECH,2015,1
POL,POL.TECH,2018,1
BRA,POL.TECH,2002,1
BRA,POL.TECH,2004,1
BRA,POL.TECH,2005,1
BRA,POL.TECH,2006,1
BRA,POL.TECH,2013,1
BRA,POL.TECH,2014,1
BRA,POL.TECH,2015,1
BRA,POL.TECH,2016,1
BRA,POL.TECH,2017,1
BRA,POL.TECH,2018,1
BRA,POL.TECH,2019,1
BRA,POL.TECH,2020,1
KOR,POL.TECH,2005,3
KOR,POL.TECH,2008,3
KOR,POL.TECH,2011,4
KOR,POL.TECH,2012,2
KOR,POL.TECH,2013,2
KOR,POL.TECH,2002,0.5
POL,POL.TECH,2008,0.5
POL,POL.TECH,2016,0.5
POL,POL.TECH,2017,0.5
KOR,POL.TECH,2014,1.5
KOR,POL.TECH,2015,1.5
KOR,POL.TECH,2016,1.5
KOR,POL.TECH,2017,1.5
KOR,POL.TECH,2018,1.5
KOR,POL.TECH,2019,1.5
KOR,POL.TECH,2020,1.5
POL,POL.TECH,2010,1.5
POL,POL.TECH,2011,1.5
KOR,POL.TECH,2003,1.75
KOR,POL.TECH,2004,2.75
KOR,POL.TECH,2006,3.5
KOR,POL.TECH,2007,3.5
KOR,POL.TECH,2009,3.25
KOR,POL.TECH,2010,3.5
POL,POL.TECH,2019,1.75
POL,POL.TECH,2020,1.75
BRA,POL.TECH,2003,1.25
KOR,POL.WIND,1990,0
KOR,POL.WIND,1991,0
KOR,POL.WIND,1992,0
KOR,POL.WIND,1993,0
KOR,POL.WIND,1994,0
KOR,POL.WIND,1995,0
KOR,POL.WIND,1996,0
KOR,POL.WIND,1997,0
KOR,POL.WIND,1998,0
KOR,POL.WIND,1999,0
KOR,POL.WIND,2000,0
KOR,POL.WIND,2001,0
KOR,POL.WIND,2002,0
KOR,POL.WIND,2012,0
KOR,POL.WIND,2013,0
KOR,POL.WIND,2014,0
KOR,POL.WIND,2015,0
KOR,POL.WIND,2016,0
KOR,POL.WIND,2017,0
KOR,POL.WIND,2018,0
KOR,POL.WIND,2019,0
KOR,POL.WIND,2020,0
POL,POL.WIND,1990,0
POL,POL.WIND,1991,0
POL,POL.WIND,1992,0
POL,POL.WIND,1993,0
POL,POL.WIND,1994,0
POL,POL.WIND,1995,0
POL,POL.WIND,1996,0
POL,POL.WIND,1997,0
POL,POL.WIND,1998,0
POL,POL.WIND,1999,0
POL,POL.WIND,2000,0
POL,POL.WIND,2001,0
POL,POL.WIND,2002,0
POL,POL.WIND,2003,0
POL,POL.WIND,2004,0
POL,POL.WIND,2005,0
POL,POL.WIND,2006,0
POL,POL.WIND,2007,0
POL,POL.WIND,2008,0
POL,POL.WIND,2009,0
POL,POL.WIND,2010,0
POL,POL.WIND,2011,0
POL,POL.WIND,2012,0
POL,POL.WIND,2013,0
POL,POL.WIND,2014,0
POL,POL.WIND,2015,0
POL,POL.WIND,2016,0
POL,POL.WIND,2017,0
BRA,POL.WIND,1990,0
BRA,POL.WIND,1991,0
BRA,POL.WIND,1992,0
BRA,POL.WIND,1993,0
BRA,POL.WIND,1994,0
BRA,POL.WIND,1995,0
BRA,POL.WIND,1996,0
BRA,POL.WIND,1997,0
BRA,POL.WIND,1998,0
BRA,POL.WIND,1999,0
BRA,POL.WIND,2000,0
BRA,POL.WIND,2001,0
BRA,POL.WIND,2007,0
BRA,POL.WIND,2008,0
BRA,POL.WIND,2009,0
BRA,POL.WIND,2010,0
BRA,POL.WIND,2011,0
BRA,POL.WIND,2012,0
BRA,POL.WIND,2013,0
BRA,POL.WIND,2014,0
BRA,POL.WIND,2015,0
BRA,POL.WIND,2016,0
BRA,POL.WIND,2017,0
BRA,POL.WIND,2018,0
BRA,POL.WIND,2019,0
BRA,POL.WIND,2020,0
BRA,POL.WIND,2003,5
KOR,POL.WIND,2005,3
KOR,POL.WIND,2006,3
KOR,POL.WIND,2007,3
KOR,POL.WIND,2008,3
KOR,POL.WIND,2011,3
BRA,POL.WIND,2002,4
BRA,POL.WIND,2004,4
BRA,POL.WIND,2005,4
BRA,POL.WIND,2006,4
KOR,POL.WIND,2003,2
KOR,POL.WIND,2004,2
KOR,POL.WIND,2009,2
KOR,POL.WIND,2010,2
POL,POL.WIND,2018,2
POL,POL.WIND,2019,2
POL,POL.WIND,2020,2